sep=;
time;model_id;model_name;port_name;data
0;1;Regulator;;{last_price: 50, halt_active: 0, phase: Monitoring}
0;3;ShockEvent;;{sigma: 30, event_occurred: 0}
0;4;MatchingEngine;;{liquidity: 1000, last_trade_price: 50, halted: 0, phase: Running}
0;5;TraderAgent;;{inventory: 0}
1;1;Regulator;;{last_price: 50, halt_active: 0, phase: Monitoring}
1;4;MatchingEngine;market_update_out;50
1;4;MatchingEngine;;{liquidity: 913, last_trade_price: 51.3072, halted: 0, phase: Running}
1;5;TraderAgent;order_out;{buy, 87, 50}
1;5;TraderAgent;;{inventory: 0}
1;1;Regulator;;{last_price: 51.3072, halt_active: 0, phase: Monitoring}
1;4;MatchingEngine;market_update_out;51.3072
1;4;MatchingEngine;;{liquidity: 913, last_trade_price: 51.3072, halted: 0, phase: Running}
1;5;TraderAgent;;{inventory: 0}
2;1;Regulator;;{last_price: 51.3072, halt_active: 0, phase: Monitoring}
2;4;MatchingEngine;market_update_out;51.3072
2;4;MatchingEngine;;{liquidity: 800, last_trade_price: 46.648, halted: 0, phase: Running}
2;5;TraderAgent;order_out;{sell, 113, 50}
2;5;TraderAgent;;{inventory: 0}
2;1;Regulator;;{last_price: 46.648, halt_active: 1, phase: HaltingPeriod}
2;4;MatchingEngine;market_update_out;46.648
2;4;MatchingEngine;;{liquidity: 800, last_trade_price: 46.648, halted: 0, phase: Running}
2;5;TraderAgent;;{inventory: 0}
2;1;Regulator;reg_signal_out;halt
2;1;Regulator;;{last_price: 46.648, halt_active: 1, phase: HaltingPeriod}
2;4;MatchingEngine;;{liquidity: 800, last_trade_price: 46.648, halted: 1, phase: Halted}
2;5;TraderAgent;;{inventory: 0}
3;1;Regulator;;{last_price: 46.648, halt_active: 1, phase: HaltingPeriod}
3;4;MatchingEngine;market_update_out;46.648
3;4;MatchingEngine;;{liquidity: 800, last_trade_price: 46.648, halted: 1, phase: Halted}
3;5;TraderAgent;order_out;{sell, 175, 50}
3;5;TraderAgent;;{inventory: 0}
4;1;Regulator;;{last_price: 46.648, halt_active: 1, phase: HaltingPeriod}
4;4;MatchingEngine;market_update_out;46.648
4;4;MatchingEngine;;{liquidity: 800, last_trade_price: 46.648, halted: 1, phase: Halted}
4;5;TraderAgent;order_out;{buy, 200, 50}
4;5;TraderAgent;;{inventory: 0}
5;1;Regulator;;{last_price: 46.648, halt_active: 1, phase: HaltingPeriod}
5;4;MatchingEngine;market_update_out;46.648
5;4;MatchingEngine;;{liquidity: 800, last_trade_price: 46.648, halted: 1, phase: Halted}
5;5;TraderAgent;order_out;{buy, 151, 50}
5;5;TraderAgent;;{inventory: 0}
6;1;Regulator;;{last_price: 46.648, halt_active: 1, phase: HaltingPeriod}
6;4;MatchingEngine;market_update_out;46.648
6;4;MatchingEngine;;{liquidity: 800, last_trade_price: 46.648, halted: 1, phase: Halted}
6;5;TraderAgent;order_out;{buy, 153, 50}
6;5;TraderAgent;;{inventory: 0}
7;1;Regulator;reg_signal_out;resume
7;1;Regulator;;{last_price: 46.648, halt_active: 0, phase: Monitoring}
7;4;MatchingEngine;market_update_out;46.648
7;4;MatchingEngine;;{liquidity: 681, last_trade_price: 49.4864, halted: 0, phase: Running}
7;5;TraderAgent;order_out;{buy, 119, 50}
7;5;TraderAgent;;{inventory: 0}
7;1;Regulator;;{last_price: 49.4864, halt_active: 0, phase: Monitoring}
7;4;MatchingEngine;market_update_out;49.4864
7;4;MatchingEngine;;{liquidity: 681, last_trade_price: 49.4864, halted: 0, phase: Running}
7;5;TraderAgent;;{inventory: 0}
8;1;Regulator;;{last_price: 49.4864, halt_active: 0, phase: Monitoring}
8;4;MatchingEngine;market_update_out;49.4864
8;4;MatchingEngine;;{liquidity: 540, last_trade_price: 45.6197, halted: 0, phase: Running}
8;5;TraderAgent;order_out;{sell, 141, 50}
8;5;TraderAgent;;{inventory: 0}
8;1;Regulator;;{last_price: 45.6197, halt_active: 1, phase: HaltingPeriod}
8;4;MatchingEngine;market_update_out;45.6197
8;4;MatchingEngine;;{liquidity: 540, last_trade_price: 45.6197, halted: 0, phase: Running}
8;5;TraderAgent;;{inventory: 0}
8;1;Regulator;reg_signal_out;halt
8;1;Regulator;;{last_price: 45.6197, halt_active: 1, phase: HaltingPeriod}
8;4;MatchingEngine;;{liquidity: 540, last_trade_price: 45.6197, halted: 1, phase: Halted}
8;5;TraderAgent;;{inventory: 0}
9;1;Regulator;;{last_price: 45.6197, halt_active: 1, phase: HaltingPeriod}
9;4;MatchingEngine;market_update_out;45.6197
9;4;MatchingEngine;;{liquidity: 540, last_trade_price: 45.6197, halted: 1, phase: Halted}
9;5;TraderAgent;order_out;{buy, 71, 50}
9;5;TraderAgent;;{inventory: 0}
10;1;Regulator;;{last_price: 45.6197, halt_active: 1, phase: HaltingPeriod}
10;4;MatchingEngine;market_update_out;45.6197
10;4;MatchingEngine;;{liquidity: 540, last_trade_price: 45.6197, halted: 1, phase: Halted}
10;5;TraderAgent;order_out;{sell, 65, 50}
10;5;TraderAgent;;{inventory: 0}
11;1;Regulator;;{last_price: 45.6197, halt_active: 1, phase: HaltingPeriod}
11;4;MatchingEngine;market_update_out;45.6197
11;4;MatchingEngine;;{liquidity: 540, last_trade_price: 45.6197, halted: 1, phase: Halted}
11;5;TraderAgent;order_out;{buy, 67, 50}
11;5;TraderAgent;;{inventory: 0}
12;1;Regulator;;{last_price: 45.6197, halt_active: 1, phase: HaltingPeriod}
12;4;MatchingEngine;market_update_out;45.6197
12;4;MatchingEngine;;{liquidity: 540, last_trade_price: 45.6197, halted: 1, phase: Halted}
12;5;TraderAgent;order_out;{buy, 52, 50}
12;5;TraderAgent;;{inventory: 0}
13;1;Regulator;reg_signal_out;resume
13;1;Regulator;;{last_price: 45.6197, halt_active: 0, phase: Monitoring}
13;4;MatchingEngine;market_update_out;45.6197
13;4;MatchingEngine;;{liquidity: 347, last_trade_price: 48.7134, halted: 0, phase: Running}
13;5;TraderAgent;order_out;{buy, 193, 50}
13;5;TraderAgent;;{inventory: 0}
13;1;Regulator;;{last_price: 48.7134, halt_active: 0, phase: Monitoring}
13;4;MatchingEngine;market_update_out;48.7134
13;4;MatchingEngine;;{liquidity: 347, last_trade_price: 48.7134, halted: 0, phase: Running}
13;5;TraderAgent;;{inventory: 0}
14;1;Regulator;;{last_price: 48.7134, halt_active: 0, phase: Monitoring}
14;4;MatchingEngine;market_update_out;48.7134
14;4;MatchingEngine;;{liquidity: 226, last_trade_price: 51.6726, halted: 0, phase: Running}
14;5;TraderAgent;order_out;{buy, 121, 50}
14;5;TraderAgent;;{inventory: 0}
14;1;Regulator;;{last_price: 51.6726, halt_active: 0, phase: Monitoring}
14;4;MatchingEngine;market_update_out;51.6726
14;4;MatchingEngine;;{liquidity: 226, last_trade_price: 51.6726, halted: 0, phase: Running}
14;5;TraderAgent;;{inventory: 0}
15;1;Regulator;;{last_price: 51.6726, halt_active: 0, phase: Monitoring}
15;4;MatchingEngine;market_update_out;51.6726
15;4;MatchingEngine;;{liquidity: 129, last_trade_price: 46.1875, halted: 0, phase: Running}
15;5;TraderAgent;order_out;{sell, 97, 50}
15;5;TraderAgent;;{inventory: 0}
15;1;Regulator;;{last_price: 46.1875, halt_active: 1, phase: HaltingPeriod}
15;4;MatchingEngine;market_update_out;46.1875
15;4;MatchingEngine;;{liquidity: 129, last_trade_price: 46.1875, halted: 0, phase: Running}
15;5;TraderAgent;;{inventory: 0}
15;1;Regulator;reg_signal_out;halt
15;1;Regulator;;{last_price: 46.1875, halt_active: 1, phase: HaltingPeriod}
15;4;MatchingEngine;;{liquidity: 129, last_trade_price: 46.1875, halted: 1, phase: Halted}
15;5;TraderAgent;;{inventory: 0}
16;1;Regulator;;{last_price: 46.1875, halt_active: 1, phase: HaltingPeriod}
16;4;MatchingEngine;market_update_out;46.1875
16;4;MatchingEngine;;{liquidity: 129, last_trade_price: 46.1875, halted: 1, phase: Halted}
16;5;TraderAgent;order_out;{buy, 129, 50}
16;5;TraderAgent;;{inventory: 0}
17;1;Regulator;;{last_price: 46.1875, halt_active: 1, phase: HaltingPeriod}
17;4;MatchingEngine;market_update_out;46.1875
17;4;MatchingEngine;;{liquidity: 129, last_trade_price: 46.1875, halted: 1, phase: Halted}
17;5;TraderAgent;order_out;{sell, 180, 50}
17;5;TraderAgent;;{inventory: 0}
18;1;Regulator;;{last_price: 46.1875, halt_active: 1, phase: HaltingPeriod}
18;4;MatchingEngine;market_update_out;46.1875
18;4;MatchingEngine;;{liquidity: 129, last_trade_price: 46.1875, halted: 1, phase: Halted}
18;5;TraderAgent;order_out;{sell, 121, 50}
18;5;TraderAgent;;{inventory: 0}
19;1;Regulator;;{last_price: 46.1875, halt_active: 1, phase: HaltingPeriod}
19;4;MatchingEngine;market_update_out;46.1875
19;4;MatchingEngine;;{liquidity: 129, last_trade_price: 46.1875, halted: 1, phase: Halted}
19;5;TraderAgent;order_out;{buy, 69, 50}
19;5;TraderAgent;;{inventory: 0}
20;1;Regulator;reg_signal_out;resume
20;1;Regulator;;{last_price: 46.1875, halt_active: 0, phase: Monitoring}
20;4;MatchingEngine;market_update_out;46.1875
20;4;MatchingEngine;;{liquidity: 75, last_trade_price: 42.2873, halted: 0, phase: Running}
20;5;TraderAgent;order_out;{sell, 54, 50}
20;5;TraderAgent;;{inventory: 0}
20;1;Regulator;;{last_price: 42.2873, halt_active: 1, phase: HaltingPeriod}
20;4;MatchingEngine;market_update_out;42.2873
20;4;MatchingEngine;;{liquidity: 75, last_trade_price: 42.2873, halted: 0, phase: Running}
20;5;TraderAgent;;{inventory: 0}
20;1;Regulator;reg_signal_out;halt
20;1;Regulator;;{last_price: 42.2873, halt_active: 1, phase: HaltingPeriod}
20;4;MatchingEngine;;{liquidity: 75, last_trade_price: 42.2873, halted: 1, phase: Halted}
20;5;TraderAgent;;{inventory: 0}
21;1;Regulator;;{last_price: 42.2873, halt_active: 1, phase: HaltingPeriod}
21;4;MatchingEngine;market_update_out;42.2873
21;4;MatchingEngine;;{liquidity: 75, last_trade_price: 42.2873, halted: 1, phase: Halted}
21;5;TraderAgent;order_out;{buy, 122, 50}
21;5;TraderAgent;;{inventory: 0}
22;1;Regulator;;{last_price: 42.2873, halt_active: 1, phase: HaltingPeriod}
22;4;MatchingEngine;market_update_out;42.2873
22;4;MatchingEngine;;{liquidity: 75, last_trade_price: 42.2873, halted: 1, phase: Halted}
22;5;TraderAgent;order_out;{sell, 95, 50}
22;5;TraderAgent;;{inventory: 0}
23;1;Regulator;;{last_price: 42.2873, halt_active: 1, phase: HaltingPeriod}
23;4;MatchingEngine;market_update_out;42.2873
23;4;MatchingEngine;;{liquidity: 75, last_trade_price: 42.2873, halted: 1, phase: Halted}
23;5;TraderAgent;order_out;{buy, 151, 50}
23;5;TraderAgent;;{inventory: 0}
24;1;Regulator;;{last_price: 42.2873, halt_active: 1, phase: HaltingPeriod}
24;4;MatchingEngine;market_update_out;42.2873
24;4;MatchingEngine;;{liquidity: 75, last_trade_price: 42.2873, halted: 1, phase: Halted}
24;5;TraderAgent;order_out;{buy, 90, 50}
24;5;TraderAgent;;{inventory: 0}
25;1;Regulator;reg_signal_out;resume
25;1;Regulator;;{last_price: 42.2873, halt_active: 0, phase: Monitoring}
25;4;MatchingEngine;market_update_out;42.2873
25;4;MatchingEngine;;{liquidity: -10, last_trade_price: 45.5859, halted: 0, phase: Running}
25;5;TraderAgent;order_out;{buy, 85, 50}
25;5;TraderAgent;;{inventory: 0}
25;1;Regulator;;{last_price: 45.5859, halt_active: 0, phase: Monitoring}
25;4;MatchingEngine;market_update_out;45.5859
25;4;MatchingEngine;;{liquidity: -10, last_trade_price: 45.5859, halted: 0, phase: Running}
25;5;TraderAgent;;{inventory: 0}
26;1;Regulator;;{last_price: 45.5859, halt_active: 0, phase: Monitoring}
26;4;MatchingEngine;market_update_out;45.5859
26;4;MatchingEngine;;{liquidity: -184, last_trade_price: 48.389, halted: 0, phase: Running}
26;5;TraderAgent;order_out;{buy, 174, 50}
26;5;TraderAgent;;{inventory: 0}
26;1;Regulator;;{last_price: 48.389, halt_active: 0, phase: Monitoring}
26;4;MatchingEngine;market_update_out;48.389
26;4;MatchingEngine;;{liquidity: -184, last_trade_price: 48.389, halted: 0, phase: Running}
26;5;TraderAgent;;{inventory: 0}
27;1;Regulator;;{last_price: 48.389, halt_active: 0, phase: Monitoring}
27;4;MatchingEngine;market_update_out;48.389
27;4;MatchingEngine;;{liquidity: -370, last_trade_price: 47.0352, halted: 0, phase: Running}
27;5;TraderAgent;order_out;{sell, 186, 50}
27;5;TraderAgent;;{inventory: 0}
27;1;Regulator;;{last_price: 47.0352, halt_active: 1, phase: HaltingPeriod}
27;4;MatchingEngine;market_update_out;47.0352
27;4;MatchingEngine;;{liquidity: -370, last_trade_price: 47.0352, halted: 0, phase: Running}
27;5;TraderAgent;;{inventory: 0}
27;1;Regulator;reg_signal_out;halt
27;1;Regulator;;{last_price: 47.0352, halt_active: 1, phase: HaltingPeriod}
27;4;MatchingEngine;;{liquidity: -370, last_trade_price: 47.0352, halted: 1, phase: Halted}
27;5;TraderAgent;;{inventory: 0}
28;1;Regulator;;{last_price: 47.0352, halt_active: 1, phase: HaltingPeriod}
28;4;MatchingEngine;market_update_out;47.0352
28;4;MatchingEngine;;{liquidity: -370, last_trade_price: 47.0352, halted: 1, phase: Halted}
28;5;TraderAgent;order_out;{sell, 192, 50}
28;5;TraderAgent;;{inventory: 0}
29;1;Regulator;;{last_price: 47.0352, halt_active: 1, phase: HaltingPeriod}
29;4;MatchingEngine;market_update_out;47.0352
29;4;MatchingEngine;;{liquidity: -370, last_trade_price: 47.0352, halted: 1, phase: Halted}
29;5;TraderAgent;order_out;{buy, 92, 50}
29;5;TraderAgent;;{inventory: 0}
30;1;Regulator;;{last_price: 47.0352, halt_active: 1, phase: HaltingPeriod}
30;3;ShockEvent;shock_out;-10
30;3;ShockEvent;;{sigma: inf, event_occurred: 1}
30;4;MatchingEngine;market_update_out;47.0352
30;4;MatchingEngine;;{liquidity: -570, last_trade_price: 37.0352, halted: 1, phase: Halted}
30;5;TraderAgent;order_out;{sell, 87, 50}
30;5;TraderAgent;;{inventory: 0}
30;1;Regulator;;{last_price: 37.0352, halt_active: 1, phase: HaltingPeriod}
30;4;MatchingEngine;market_update_out;37.0352
30;4;MatchingEngine;;{liquidity: -570, last_trade_price: 37.0352, halted: 1, phase: Halted}
30;5;TraderAgent;;{inventory: 0}
31;1;Regulator;;{last_price: 37.0352, halt_active: 1, phase: HaltingPeriod}
31;4;MatchingEngine;market_update_out;37.0352
31;4;MatchingEngine;;{liquidity: -570, last_trade_price: 37.0352, halted: 1, phase: Halted}
31;5;TraderAgent;order_out;{sell, 160, 50}
31;5;TraderAgent;;{inventory: 0}
32;1;Regulator;reg_signal_out;resume
32;1;Regulator;;{last_price: 37.0352, halt_active: 0, phase: Monitoring}
32;4;MatchingEngine;market_update_out;37.0352
32;4;MatchingEngine;;{liquidity: -665, last_trade_price: 33.3267, halted: 0, phase: Running}
32;5;TraderAgent;order_out;{sell, 95, 50}
32;5;TraderAgent;;{inventory: 0}
32;1;Regulator;;{last_price: 33.3267, halt_active: 1, phase: HaltingPeriod}
32;4;MatchingEngine;market_update_out;33.3267
32;4;MatchingEngine;;{liquidity: -665, last_trade_price: 33.3267, halted: 0, phase: Running}
32;5;TraderAgent;;{inventory: 0}
32;1;Regulator;reg_signal_out;halt
32;1;Regulator;;{last_price: 33.3267, halt_active: 1, phase: HaltingPeriod}
32;4;MatchingEngine;;{liquidity: -665, last_trade_price: 33.3267, halted: 1, phase: Halted}
32;5;TraderAgent;;{inventory: 0}
33;1;Regulator;;{last_price: 33.3267, halt_active: 1, phase: HaltingPeriod}
33;4;MatchingEngine;market_update_out;33.3267
33;4;MatchingEngine;;{liquidity: -665, last_trade_price: 33.3267, halted: 1, phase: Halted}
33;5;TraderAgent;order_out;{buy, 153, 50}
33;5;TraderAgent;;{inventory: 0}
34;1;Regulator;;{last_price: 33.3267, halt_active: 1, phase: HaltingPeriod}
34;4;MatchingEngine;market_update_out;33.3267
34;4;MatchingEngine;;{liquidity: -665, last_trade_price: 33.3267, halted: 1, phase: Halted}
34;5;TraderAgent;order_out;{sell, 198, 50}
34;5;TraderAgent;;{inventory: 0}
35;1;Regulator;;{last_price: 33.3267, halt_active: 1, phase: HaltingPeriod}
35;4;MatchingEngine;market_update_out;33.3267
35;4;MatchingEngine;;{liquidity: -665, last_trade_price: 33.3267, halted: 1, phase: Halted}
35;5;TraderAgent;order_out;{buy, 183, 50}
35;5;TraderAgent;;{inventory: 0}
36;1;Regulator;;{last_price: 33.3267, halt_active: 1, phase: HaltingPeriod}
36;4;MatchingEngine;market_update_out;33.3267
36;4;MatchingEngine;;{liquidity: -665, last_trade_price: 33.3267, halted: 1, phase: Halted}
36;5;TraderAgent;order_out;{sell, 173, 50}
36;5;TraderAgent;;{inventory: 0}
37;1;Regulator;reg_signal_out;resume
37;1;Regulator;;{last_price: 33.3267, halt_active: 0, phase: Monitoring}
37;4;MatchingEngine;market_update_out;33.3267
37;4;MatchingEngine;;{liquidity: -763, last_trade_price: 35.2297, halted: 0, phase: Running}
37;5;TraderAgent;order_out;{buy, 98, 50}
37;5;TraderAgent;;{inventory: 0}
37;1;Regulator;;{last_price: 35.2297, halt_active: 0, phase: Monitoring}
37;4;MatchingEngine;market_update_out;35.2297
37;4;MatchingEngine;;{liquidity: -763, last_trade_price: 35.2297, halted: 0, phase: Running}
37;5;TraderAgent;;{inventory: 0}
38;1;Regulator;;{last_price: 35.2297, halt_active: 0, phase: Monitoring}
38;4;MatchingEngine;market_update_out;35.2297
38;4;MatchingEngine;;{liquidity: -815, last_trade_price: 32.3041, halted: 0, phase: Running}
38;5;TraderAgent;order_out;{sell, 52, 50}
38;5;TraderAgent;;{inventory: 0}
38;1;Regulator;;{last_price: 32.3041, halt_active: 1, phase: HaltingPeriod}
38;4;MatchingEngine;market_update_out;32.3041
38;4;MatchingEngine;;{liquidity: -815, last_trade_price: 32.3041, halted: 0, phase: Running}
38;5;TraderAgent;;{inventory: 0}
38;1;Regulator;reg_signal_out;halt
38;1;Regulator;;{last_price: 32.3041, halt_active: 1, phase: HaltingPeriod}
38;4;MatchingEngine;;{liquidity: -815, last_trade_price: 32.3041, halted: 1, phase: Halted}
38;5;TraderAgent;;{inventory: 0}
39;1;Regulator;;{last_price: 32.3041, halt_active: 1, phase: HaltingPeriod}
39;4;MatchingEngine;market_update_out;32.3041
39;4;MatchingEngine;;{liquidity: -815, last_trade_price: 32.3041, halted: 1, phase: Halted}
39;5;TraderAgent;order_out;{sell, 55, 50}
39;5;TraderAgent;;{inventory: 0}
40;1;Regulator;;{last_price: 32.3041, halt_active: 1, phase: HaltingPeriod}
40;4;MatchingEngine;market_update_out;32.3041
40;4;MatchingEngine;;{liquidity: -815, last_trade_price: 32.3041, halted: 1, phase: Halted}
40;5;TraderAgent;order_out;{sell, 62, 50}
40;5;TraderAgent;;{inventory: 0}
41;1;Regulator;;{last_price: 32.3041, halt_active: 1, phase: HaltingPeriod}
41;4;MatchingEngine;market_update_out;32.3041
41;4;MatchingEngine;;{liquidity: -815, last_trade_price: 32.3041, halted: 1, phase: Halted}
41;5;TraderAgent;order_out;{sell, 186, 50}
41;5;TraderAgent;;{inventory: 0}
42;1;Regulator;;{last_price: 32.3041, halt_active: 1, phase: HaltingPeriod}
42;4;MatchingEngine;market_update_out;32.3041
42;4;MatchingEngine;;{liquidity: -815, last_trade_price: 32.3041, halted: 1, phase: Halted}
42;5;TraderAgent;order_out;{buy, 103, 50}
42;5;TraderAgent;;{inventory: 0}
43;1;Regulator;reg_signal_out;resume
43;1;Regulator;;{last_price: 32.3041, halt_active: 0, phase: Monitoring}
43;4;MatchingEngine;market_update_out;32.3041
43;4;MatchingEngine;;{liquidity: -930, last_trade_price: 35.5486, halted: 0, phase: Running}
43;5;TraderAgent;order_out;{buy, 115, 50}
43;5;TraderAgent;;{inventory: 0}
43;1;Regulator;;{last_price: 35.5486, halt_active: 0, phase: Monitoring}
43;4;MatchingEngine;market_update_out;35.5486
43;4;MatchingEngine;;{liquidity: -930, last_trade_price: 35.5486, halted: 0, phase: Running}
43;5;TraderAgent;;{inventory: 0}
44;1;Regulator;;{last_price: 35.5486, halt_active: 0, phase: Monitoring}
44;4;MatchingEngine;market_update_out;35.5486
44;4;MatchingEngine;;{liquidity: -982, last_trade_price: 32.0994, halted: 0, phase: Running}
44;5;TraderAgent;order_out;{sell, 52, 50}
44;5;TraderAgent;;{inventory: 0}
44;1;Regulator;;{last_price: 32.0994, halt_active: 1, phase: HaltingPeriod}
44;4;MatchingEngine;market_update_out;32.0994
44;4;MatchingEngine;;{liquidity: -982, last_trade_price: 32.0994, halted: 0, phase: Running}
44;5;TraderAgent;;{inventory: 0}
44;1;Regulator;reg_signal_out;halt
44;1;Regulator;;{last_price: 32.0994, halt_active: 1, phase: HaltingPeriod}
44;4;MatchingEngine;;{liquidity: -982, last_trade_price: 32.0994, halted: 1, phase: Halted}
44;5;TraderAgent;;{inventory: 0}
45;1;Regulator;;{last_price: 32.0994, halt_active: 1, phase: HaltingPeriod}
45;4;MatchingEngine;market_update_out;32.0994
45;4;MatchingEngine;;{liquidity: -982, last_trade_price: 32.0994, halted: 1, phase: Halted}
45;5;TraderAgent;order_out;{buy, 76, 50}
45;5;TraderAgent;;{inventory: 0}
46;1;Regulator;;{last_price: 32.0994, halt_active: 1, phase: HaltingPeriod}
46;4;MatchingEngine;market_update_out;32.0994
46;4;MatchingEngine;;{liquidity: -982, last_trade_price: 32.0994, halted: 1, phase: Halted}
46;5;TraderAgent;order_out;{sell, 82, 50}
46;5;TraderAgent;;{inventory: 0}
47;1;Regulator;;{last_price: 32.0994, halt_active: 1, phase: HaltingPeriod}
47;4;MatchingEngine;market_update_out;32.0994
47;4;MatchingEngine;;{liquidity: -982, last_trade_price: 32.0994, halted: 1, phase: Halted}
47;5;TraderAgent;order_out;{sell, 65, 50}
47;5;TraderAgent;;{inventory: 0}
48;1;Regulator;;{last_price: 32.0994, halt_active: 1, phase: HaltingPeriod}
48;4;MatchingEngine;market_update_out;32.0994
48;4;MatchingEngine;;{liquidity: -982, last_trade_price: 32.0994, halted: 1, phase: Halted}
48;5;TraderAgent;order_out;{sell, 151, 50}
48;5;TraderAgent;;{inventory: 0}
49;1;Regulator;reg_signal_out;resume
49;1;Regulator;;{last_price: 32.0994, halt_active: 0, phase: Monitoring}
49;4;MatchingEngine;market_update_out;32.0994
49;4;MatchingEngine;;{liquidity: -1142, last_trade_price: 27.5971, halted: 0, phase: Running}
49;5;TraderAgent;order_out;{sell, 160, 50}
49;5;TraderAgent;;{inventory: 0}
49;1;Regulator;;{last_price: 27.5971, halt_active: 1, phase: HaltingPeriod}
49;4;MatchingEngine;market_update_out;27.5971
49;4;MatchingEngine;;{liquidity: -1142, last_trade_price: 27.5971, halted: 0, phase: Running}
49;5;TraderAgent;;{inventory: 0}
49;1;Regulator;reg_signal_out;halt
49;1;Regulator;;{last_price: 27.5971, halt_active: 1, phase: HaltingPeriod}
49;4;MatchingEngine;;{liquidity: -1142, last_trade_price: 27.5971, halted: 1, phase: Halted}
49;5;TraderAgent;;{inventory: 0}
50;1;Regulator;;{last_price: 27.5971, halt_active: 1, phase: HaltingPeriod}
50;4;MatchingEngine;market_update_out;27.5971
50;4;MatchingEngine;;{liquidity: -1142, last_trade_price: 27.5971, halted: 1, phase: Halted}
50;5;TraderAgent;order_out;{buy, 62, 50}
50;5;TraderAgent;;{inventory: 0}
51;1;Regulator;;{last_price: 27.5971, halt_active: 1, phase: HaltingPeriod}
51;4;MatchingEngine;market_update_out;27.5971
51;4;MatchingEngine;;{liquidity: -1142, last_trade_price: 27.5971, halted: 1, phase: Halted}
51;5;TraderAgent;order_out;{sell, 76, 50}
51;5;TraderAgent;;{inventory: 0}
52;1;Regulator;;{last_price: 27.5971, halt_active: 1, phase: HaltingPeriod}
52;4;MatchingEngine;market_update_out;27.5971
52;4;MatchingEngine;;{liquidity: -1142, last_trade_price: 27.5971, halted: 1, phase: Halted}
52;5;TraderAgent;order_out;{buy, 99, 50}
52;5;TraderAgent;;{inventory: 0}
53;1;Regulator;;{last_price: 27.5971, halt_active: 1, phase: HaltingPeriod}
53;4;MatchingEngine;market_update_out;27.5971
53;4;MatchingEngine;;{liquidity: -1142, last_trade_price: 27.5971, halted: 1, phase: Halted}
53;5;TraderAgent;order_out;{buy, 160, 50}
53;5;TraderAgent;;{inventory: 0}
54;1;Regulator;reg_signal_out;resume
54;1;Regulator;;{last_price: 27.5971, halt_active: 0, phase: Monitoring}
54;4;MatchingEngine;market_update_out;27.5971
54;4;MatchingEngine;;{liquidity: -1337, last_trade_price: 22.6494, halted: 0, phase: Running}
54;5;TraderAgent;order_out;{sell, 195, 50}
54;5;TraderAgent;;{inventory: 0}
54;1;Regulator;;{last_price: 22.6494, halt_active: 1, phase: HaltingPeriod}
54;4;MatchingEngine;market_update_out;22.6494
54;4;MatchingEngine;;{liquidity: -1337, last_trade_price: 22.6494, halted: 0, phase: Running}
54;5;TraderAgent;;{inventory: 0}
54;1;Regulator;reg_signal_out;halt
54;1;Regulator;;{last_price: 22.6494, halt_active: 1, phase: HaltingPeriod}
54;4;MatchingEngine;;{liquidity: -1337, last_trade_price: 22.6494, halted: 1, phase: Halted}
54;5;TraderAgent;;{inventory: 0}
55;1;Regulator;;{last_price: 22.6494, halt_active: 1, phase: HaltingPeriod}
55;4;MatchingEngine;market_update_out;22.6494
55;4;MatchingEngine;;{liquidity: -1337, last_trade_price: 22.6494, halted: 1, phase: Halted}
55;5;TraderAgent;order_out;{buy, 126, 50}
55;5;TraderAgent;;{inventory: 0}
56;1;Regulator;;{last_price: 22.6494, halt_active: 1, phase: HaltingPeriod}
56;4;MatchingEngine;market_update_out;22.6494
56;4;MatchingEngine;;{liquidity: -1337, last_trade_price: 22.6494, halted: 1, phase: Halted}
56;5;TraderAgent;order_out;{sell, 57, 50}
56;5;TraderAgent;;{inventory: 0}
57;1;Regulator;;{last_price: 22.6494, halt_active: 1, phase: HaltingPeriod}
57;4;MatchingEngine;market_update_out;22.6494
57;4;MatchingEngine;;{liquidity: -1337, last_trade_price: 22.6494, halted: 1, phase: Halted}
57;5;TraderAgent;order_out;{sell, 65, 50}
57;5;TraderAgent;;{inventory: 0}
58;1;Regulator;;{last_price: 22.6494, halt_active: 1, phase: HaltingPeriod}
58;4;MatchingEngine;market_update_out;22.6494
58;4;MatchingEngine;;{liquidity: -1337, last_trade_price: 22.6494, halted: 1, phase: Halted}
58;5;TraderAgent;order_out;{buy, 166, 50}
58;5;TraderAgent;;{inventory: 0}
59;1;Regulator;reg_signal_out;resume
59;1;Regulator;;{last_price: 22.6494, halt_active: 0, phase: Monitoring}
59;4;MatchingEngine;market_update_out;22.6494
59;4;MatchingEngine;;{liquidity: -1492, last_trade_price: 19.6383, halted: 0, phase: Running}
59;5;TraderAgent;order_out;{sell, 155, 50}
59;5;TraderAgent;;{inventory: 0}
59;1;Regulator;;{last_price: 19.6383, halt_active: 1, phase: HaltingPeriod}
59;4;MatchingEngine;market_update_out;19.6383
59;4;MatchingEngine;;{liquidity: -1492, last_trade_price: 19.6383, halted: 0, phase: Running}
59;5;TraderAgent;;{inventory: 0}
59;1;Regulator;reg_signal_out;halt
59;1;Regulator;;{last_price: 19.6383, halt_active: 1, phase: HaltingPeriod}
59;4;MatchingEngine;;{liquidity: -1492, last_trade_price: 19.6383, halted: 1, phase: Halted}
59;5;TraderAgent;;{inventory: 0}
60;1;Regulator;;{last_price: 19.6383, halt_active: 1, phase: HaltingPeriod}
60;4;MatchingEngine;market_update_out;19.6383
60;4;MatchingEngine;;{liquidity: -1492, last_trade_price: 19.6383, halted: 1, phase: Halted}
60;5;TraderAgent;order_out;{sell, 93, 50}
60;5;TraderAgent;;{inventory: 0}
61;1;Regulator;;{last_price: 19.6383, halt_active: 1, phase: HaltingPeriod}
61;4;MatchingEngine;market_update_out;19.6383
61;4;MatchingEngine;;{liquidity: -1492, last_trade_price: 19.6383, halted: 1, phase: Halted}
61;5;TraderAgent;order_out;{sell, 87, 50}
61;5;TraderAgent;;{inventory: 0}
62;1;Regulator;;{last_price: 19.6383, halt_active: 1, phase: HaltingPeriod}
62;4;MatchingEngine;market_update_out;19.6383
62;4;MatchingEngine;;{liquidity: -1492, last_trade_price: 19.6383, halted: 1, phase: Halted}
62;5;TraderAgent;order_out;{buy, 159, 50}
62;5;TraderAgent;;{inventory: 0}
63;1;Regulator;;{last_price: 19.6383, halt_active: 1, phase: HaltingPeriod}
63;4;MatchingEngine;market_update_out;19.6383
63;4;MatchingEngine;;{liquidity: -1492, last_trade_price: 19.6383, halted: 1, phase: Halted}
63;5;TraderAgent;order_out;{sell, 94, 50}
63;5;TraderAgent;;{inventory: 0}
64;1;Regulator;reg_signal_out;resume
64;1;Regulator;;{last_price: 19.6383, halt_active: 0, phase: Monitoring}
64;4;MatchingEngine;market_update_out;19.6383
64;4;MatchingEngine;;{liquidity: -1673, last_trade_price: 22.4988, halted: 0, phase: Running}
64;5;TraderAgent;order_out;{buy, 181, 50}
64;5;TraderAgent;;{inventory: 0}
64;1;Regulator;;{last_price: 22.4988, halt_active: 0, phase: Monitoring}
64;4;MatchingEngine;market_update_out;22.4988
64;4;MatchingEngine;;{liquidity: -1673, last_trade_price: 22.4988, halted: 0, phase: Running}
64;5;TraderAgent;;{inventory: 0}
65;1;Regulator;;{last_price: 22.4988, halt_active: 0, phase: Monitoring}
65;4;MatchingEngine;market_update_out;22.4988
65;4;MatchingEngine;;{liquidity: -1743, last_trade_price: 23.6322, halted: 0, phase: Running}
65;5;TraderAgent;order_out;{buy, 70, 50}
65;5;TraderAgent;;{inventory: 0}
65;1;Regulator;;{last_price: 23.6322, halt_active: 0, phase: Monitoring}
65;4;MatchingEngine;market_update_out;23.6322
65;4;MatchingEngine;;{liquidity: -1743, last_trade_price: 23.6322, halted: 0, phase: Running}
65;5;TraderAgent;;{inventory: 0}
66;1;Regulator;;{last_price: 23.6322, halt_active: 0, phase: Monitoring}
66;4;MatchingEngine;market_update_out;23.6322
66;4;MatchingEngine;;{liquidity: -1795, last_trade_price: 19.3196, halted: 0, phase: Running}
66;5;TraderAgent;order_out;{sell, 52, 50}
66;5;TraderAgent;;{inventory: 0}
66;1;Regulator;;{last_price: 19.3196, halt_active: 1, phase: HaltingPeriod}
66;4;MatchingEngine;market_update_out;19.3196
66;4;MatchingEngine;;{liquidity: -1795, last_trade_price: 19.3196, halted: 0, phase: Running}
66;5;TraderAgent;;{inventory: 0}
66;1;Regulator;reg_signal_out;halt
66;1;Regulator;;{last_price: 19.3196, halt_active: 1, phase: HaltingPeriod}
66;4;MatchingEngine;;{liquidity: -1795, last_trade_price: 19.3196, halted: 1, phase: Halted}
66;5;TraderAgent;;{inventory: 0}
67;1;Regulator;;{last_price: 19.3196, halt_active: 1, phase: HaltingPeriod}
67;4;MatchingEngine;market_update_out;19.3196
67;4;MatchingEngine;;{liquidity: -1795, last_trade_price: 19.3196, halted: 1, phase: Halted}
67;5;TraderAgent;order_out;{sell, 191, 50}
67;5;TraderAgent;;{inventory: 0}
68;1;Regulator;;{last_price: 19.3196, halt_active: 1, phase: HaltingPeriod}
68;4;MatchingEngine;market_update_out;19.3196
68;4;MatchingEngine;;{liquidity: -1795, last_trade_price: 19.3196, halted: 1, phase: Halted}
68;5;TraderAgent;order_out;{buy, 182, 50}
68;5;TraderAgent;;{inventory: 0}
69;1;Regulator;;{last_price: 19.3196, halt_active: 1, phase: HaltingPeriod}
69;4;MatchingEngine;market_update_out;19.3196
69;4;MatchingEngine;;{liquidity: -1795, last_trade_price: 19.3196, halted: 1, phase: Halted}
69;5;TraderAgent;order_out;{sell, 148, 50}
69;5;TraderAgent;;{inventory: 0}
70;1;Regulator;;{last_price: 19.3196, halt_active: 1, phase: HaltingPeriod}
70;4;MatchingEngine;market_update_out;19.3196
70;4;MatchingEngine;;{liquidity: -1795, last_trade_price: 19.3196, halted: 1, phase: Halted}
70;5;TraderAgent;order_out;{sell, 111, 50}
70;5;TraderAgent;;{inventory: 0}
71;1;Regulator;reg_signal_out;resume
71;1;Regulator;;{last_price: 19.3196, halt_active: 0, phase: Monitoring}
71;4;MatchingEngine;market_update_out;19.3196
71;4;MatchingEngine;;{liquidity: -1894, last_trade_price: 19.9349, halted: 0, phase: Running}
71;5;TraderAgent;order_out;{buy, 99, 50}
71;5;TraderAgent;;{inventory: 0}
71;1;Regulator;;{last_price: 19.9349, halt_active: 0, phase: Monitoring}
71;4;MatchingEngine;market_update_out;19.9349
71;4;MatchingEngine;;{liquidity: -1894, last_trade_price: 19.9349, halted: 0, phase: Running}
71;5;TraderAgent;;{inventory: 0}
72;1;Regulator;;{last_price: 19.9349, halt_active: 0, phase: Monitoring}
72;4;MatchingEngine;market_update_out;19.9349
72;4;MatchingEngine;;{liquidity: -1970, last_trade_price: 21.3706, halted: 0, phase: Running}
72;5;TraderAgent;order_out;{buy, 76, 50}
72;5;TraderAgent;;{inventory: 0}
72;1;Regulator;;{last_price: 21.3706, halt_active: 0, phase: Monitoring}
72;4;MatchingEngine;market_update_out;21.3706
72;4;MatchingEngine;;{liquidity: -1970, last_trade_price: 21.3706, halted: 0, phase: Running}
72;5;TraderAgent;;{inventory: 0}
73;1;Regulator;;{last_price: 21.3706, halt_active: 0, phase: Monitoring}
73;4;MatchingEngine;market_update_out;21.3706
73;4;MatchingEngine;;{liquidity: -2025, last_trade_price: 24.5387, halted: 0, phase: Running}
73;5;TraderAgent;order_out;{buy, 55, 50}
73;5;TraderAgent;;{inventory: 0}
73;1;Regulator;;{last_price: 24.5387, halt_active: 0, phase: Monitoring}
73;4;MatchingEngine;market_update_out;24.5387
73;4;MatchingEngine;;{liquidity: -2025, last_trade_price: 24.5387, halted: 0, phase: Running}
73;5;TraderAgent;;{inventory: 0}
74;1;Regulator;;{last_price: 24.5387, halt_active: 0, phase: Monitoring}
74;4;MatchingEngine;market_update_out;24.5387
74;4;MatchingEngine;;{liquidity: -2180, last_trade_price: 26.3877, halted: 0, phase: Running}
74;5;TraderAgent;order_out;{buy, 155, 50}
74;5;TraderAgent;;{inventory: 0}
74;1;Regulator;;{last_price: 26.3877, halt_active: 0, phase: Monitoring}
74;4;MatchingEngine;market_update_out;26.3877
74;4;MatchingEngine;;{liquidity: -2180, last_trade_price: 26.3877, halted: 0, phase: Running}
74;5;TraderAgent;;{inventory: 0}
75;1;Regulator;;{last_price: 26.3877, halt_active: 0, phase: Monitoring}
75;4;MatchingEngine;market_update_out;26.3877
75;4;MatchingEngine;;{liquidity: -2307, last_trade_price: 24.8559, halted: 0, phase: Running}
75;5;TraderAgent;order_out;{sell, 127, 50}
75;5;TraderAgent;;{inventory: 0}
75;1;Regulator;;{last_price: 24.8559, halt_active: 1, phase: HaltingPeriod}
75;4;MatchingEngine;market_update_out;24.8559
75;4;MatchingEngine;;{liquidity: -2307, last_trade_price: 24.8559, halted: 0, phase: Running}
75;5;TraderAgent;;{inventory: 0}
75;1;Regulator;reg_signal_out;halt
75;1;Regulator;;{last_price: 24.8559, halt_active: 1, phase: HaltingPeriod}
75;4;MatchingEngine;;{liquidity: -2307, last_trade_price: 24.8559, halted: 1, phase: Halted}
75;5;TraderAgent;;{inventory: 0}
76;1;Regulator;;{last_price: 24.8559, halt_active: 1, phase: HaltingPeriod}
76;4;MatchingEngine;market_update_out;24.8559
76;4;MatchingEngine;;{liquidity: -2307, last_trade_price: 24.8559, halted: 1, phase: Halted}
76;5;TraderAgent;order_out;{buy, 165, 50}
76;5;TraderAgent;;{inventory: 0}
77;1;Regulator;;{last_price: 24.8559, halt_active: 1, phase: HaltingPeriod}
77;4;MatchingEngine;market_update_out;24.8559
77;4;MatchingEngine;;{liquidity: -2307, last_trade_price: 24.8559, halted: 1, phase: Halted}
77;5;TraderAgent;order_out;{sell, 99, 50}
77;5;TraderAgent;;{inventory: 0}
78;1;Regulator;;{last_price: 24.8559, halt_active: 1, phase: HaltingPeriod}
78;4;MatchingEngine;market_update_out;24.8559
78;4;MatchingEngine;;{liquidity: -2307, last_trade_price: 24.8559, halted: 1, phase: Halted}
78;5;TraderAgent;order_out;{sell, 82, 50}
78;5;TraderAgent;;{inventory: 0}
79;1;Regulator;;{last_price: 24.8559, halt_active: 1, phase: HaltingPeriod}
79;4;MatchingEngine;market_update_out;24.8559
79;4;MatchingEngine;;{liquidity: -2307, last_trade_price: 24.8559, halted: 1, phase: Halted}
79;5;TraderAgent;order_out;{buy, 81, 50}
79;5;TraderAgent;;{inventory: 0}
80;1;Regulator;reg_signal_out;resume
80;1;Regulator;;{last_price: 24.8559, halt_active: 0, phase: Monitoring}
80;4;MatchingEngine;market_update_out;24.8559
80;4;MatchingEngine;;{liquidity: -2392, last_trade_price: 21.2961, halted: 0, phase: Running}
80;5;TraderAgent;order_out;{sell, 85, 50}
80;5;TraderAgent;;{inventory: 0}
80;1;Regulator;;{last_price: 21.2961, halt_active: 1, phase: HaltingPeriod}
80;4;MatchingEngine;market_update_out;21.2961
80;4;MatchingEngine;;{liquidity: -2392, last_trade_price: 21.2961, halted: 0, phase: Running}
80;5;TraderAgent;;{inventory: 0}
80;1;Regulator;reg_signal_out;halt
80;1;Regulator;;{last_price: 21.2961, halt_active: 1, phase: HaltingPeriod}
80;4;MatchingEngine;;{liquidity: -2392, last_trade_price: 21.2961, halted: 1, phase: Halted}
80;5;TraderAgent;;{inventory: 0}
81;1;Regulator;;{last_price: 21.2961, halt_active: 1, phase: HaltingPeriod}
81;4;MatchingEngine;market_update_out;21.2961
81;4;MatchingEngine;;{liquidity: -2392, last_trade_price: 21.2961, halted: 1, phase: Halted}
81;5;TraderAgent;order_out;{buy, 132, 50}
81;5;TraderAgent;;{inventory: 0}
82;1;Regulator;;{last_price: 21.2961, halt_active: 1, phase: HaltingPeriod}
82;4;MatchingEngine;market_update_out;21.2961
82;4;MatchingEngine;;{liquidity: -2392, last_trade_price: 21.2961, halted: 1, phase: Halted}
82;5;TraderAgent;order_out;{buy, 118, 50}
82;5;TraderAgent;;{inventory: 0}
83;1;Regulator;;{last_price: 21.2961, halt_active: 1, phase: HaltingPeriod}
83;4;MatchingEngine;market_update_out;21.2961
83;4;MatchingEngine;;{liquidity: -2392, last_trade_price: 21.2961, halted: 1, phase: Halted}
83;5;TraderAgent;order_out;{buy, 138, 50}
83;5;TraderAgent;;{inventory: 0}
84;1;Regulator;;{last_price: 21.2961, halt_active: 1, phase: HaltingPeriod}
84;4;MatchingEngine;market_update_out;21.2961
84;4;MatchingEngine;;{liquidity: -2392, last_trade_price: 21.2961, halted: 1, phase: Halted}
84;5;TraderAgent;order_out;{sell, 72, 50}
84;5;TraderAgent;;{inventory: 0}
85;1;Regulator;reg_signal_out;resume
85;1;Regulator;;{last_price: 21.2961, halt_active: 0, phase: Monitoring}
85;4;MatchingEngine;market_update_out;21.2961
85;4;MatchingEngine;;{liquidity: -2492, last_trade_price: 22.7043, halted: 0, phase: Running}
85;5;TraderAgent;order_out;{buy, 100, 50}
85;5;TraderAgent;;{inventory: 0}
85;1;Regulator;;{last_price: 22.7043, halt_active: 0, phase: Monitoring}
85;4;MatchingEngine;market_update_out;22.7043
85;4;MatchingEngine;;{liquidity: -2492, last_trade_price: 22.7043, halted: 0, phase: Running}
85;5;TraderAgent;;{inventory: 0}
86;1;Regulator;;{last_price: 22.7043, halt_active: 0, phase: Monitoring}
86;4;MatchingEngine;market_update_out;22.7043
86;4;MatchingEngine;;{liquidity: -2611, last_trade_price: 23.9391, halted: 0, phase: Running}
86;5;TraderAgent;order_out;{buy, 119, 50}
86;5;TraderAgent;;{inventory: 0}
86;1;Regulator;;{last_price: 23.9391, halt_active: 0, phase: Monitoring}
86;4;MatchingEngine;market_update_out;23.9391
86;4;MatchingEngine;;{liquidity: -2611, last_trade_price: 23.9391, halted: 0, phase: Running}
86;5;TraderAgent;;{inventory: 0}
87;1;Regulator;;{last_price: 23.9391, halt_active: 0, phase: Monitoring}
87;4;MatchingEngine;market_update_out;23.9391
87;4;MatchingEngine;;{liquidity: -2705, last_trade_price: 22.8199, halted: 0, phase: Running}
87;5;TraderAgent;order_out;{sell, 94, 50}
87;5;TraderAgent;;{inventory: 0}
87;1;Regulator;;{last_price: 22.8199, halt_active: 1, phase: HaltingPeriod}
87;4;MatchingEngine;market_update_out;22.8199
87;4;MatchingEngine;;{liquidity: -2705, last_trade_price: 22.8199, halted: 0, phase: Running}
87;5;TraderAgent;;{inventory: 0}
87;1;Regulator;reg_signal_out;halt
87;1;Regulator;;{last_price: 22.8199, halt_active: 1, phase: HaltingPeriod}
87;4;MatchingEngine;;{liquidity: -2705, last_trade_price: 22.8199, halted: 1, phase: Halted}
87;5;TraderAgent;;{inventory: 0}
88;1;Regulator;;{last_price: 22.8199, halt_active: 1, phase: HaltingPeriod}
88;4;MatchingEngine;market_update_out;22.8199
88;4;MatchingEngine;;{liquidity: -2705, last_trade_price: 22.8199, halted: 1, phase: Halted}
88;5;TraderAgent;order_out;{sell, 72, 50}
88;5;TraderAgent;;{inventory: 0}
89;1;Regulator;;{last_price: 22.8199, halt_active: 1, phase: HaltingPeriod}
89;4;MatchingEngine;market_update_out;22.8199
89;4;MatchingEngine;;{liquidity: -2705, last_trade_price: 22.8199, halted: 1, phase: Halted}
89;5;TraderAgent;order_out;{buy, 69, 50}
89;5;TraderAgent;;{inventory: 0}
90;1;Regulator;;{last_price: 22.8199, halt_active: 1, phase: HaltingPeriod}
90;4;MatchingEngine;market_update_out;22.8199
90;4;MatchingEngine;;{liquidity: -2705, last_trade_price: 22.8199, halted: 1, phase: Halted}
90;5;TraderAgent;order_out;{sell, 147, 50}
90;5;TraderAgent;;{inventory: 0}
91;1;Regulator;;{last_price: 22.8199, halt_active: 1, phase: HaltingPeriod}
91;4;MatchingEngine;market_update_out;22.8199
91;4;MatchingEngine;;{liquidity: -2705, last_trade_price: 22.8199, halted: 1, phase: Halted}
91;5;TraderAgent;order_out;{buy, 99, 50}
91;5;TraderAgent;;{inventory: 0}
92;1;Regulator;reg_signal_out;resume
92;1;Regulator;;{last_price: 22.8199, halt_active: 0, phase: Monitoring}
92;4;MatchingEngine;market_update_out;22.8199
92;4;MatchingEngine;;{liquidity: -2760, last_trade_price: 23.6176, halted: 0, phase: Running}
92;5;TraderAgent;order_out;{buy, 55, 50}
92;5;TraderAgent;;{inventory: 0}
92;1;Regulator;;{last_price: 23.6176, halt_active: 0, phase: Monitoring}
92;4;MatchingEngine;market_update_out;23.6176
92;4;MatchingEngine;;{liquidity: -2760, last_trade_price: 23.6176, halted: 0, phase: Running}
92;5;TraderAgent;;{inventory: 0}
93;1;Regulator;;{last_price: 23.6176, halt_active: 0, phase: Monitoring}
93;4;MatchingEngine;market_update_out;23.6176
93;4;MatchingEngine;;{liquidity: -2887, last_trade_price: 21.0638, halted: 0, phase: Running}
93;5;TraderAgent;order_out;{sell, 127, 50}
93;5;TraderAgent;;{inventory: 0}
93;1;Regulator;;{last_price: 21.0638, halt_active: 1, phase: HaltingPeriod}
93;4;MatchingEngine;market_update_out;21.0638
93;4;MatchingEngine;;{liquidity: -2887, last_trade_price: 21.0638, halted: 0, phase: Running}
93;5;TraderAgent;;{inventory: 0}
93;1;Regulator;reg_signal_out;halt
93;1;Regulator;;{last_price: 21.0638, halt_active: 1, phase: HaltingPeriod}
93;4;MatchingEngine;;{liquidity: -2887, last_trade_price: 21.0638, halted: 1, phase: Halted}
93;5;TraderAgent;;{inventory: 0}
94;1;Regulator;;{last_price: 21.0638, halt_active: 1, phase: HaltingPeriod}
94;4;MatchingEngine;market_update_out;21.0638
94;4;MatchingEngine;;{liquidity: -2887, last_trade_price: 21.0638, halted: 1, phase: Halted}
94;5;TraderAgent;order_out;{buy, 83, 50}
94;5;TraderAgent;;{inventory: 0}
95;1;Regulator;;{last_price: 21.0638, halt_active: 1, phase: HaltingPeriod}
95;4;MatchingEngine;market_update_out;21.0638
95;4;MatchingEngine;;{liquidity: -2887, last_trade_price: 21.0638, halted: 1, phase: Halted}
95;5;TraderAgent;order_out;{buy, 157, 50}
95;5;TraderAgent;;{inventory: 0}
96;1;Regulator;;{last_price: 21.0638, halt_active: 1, phase: HaltingPeriod}
96;4;MatchingEngine;market_update_out;21.0638
96;4;MatchingEngine;;{liquidity: -2887, last_trade_price: 21.0638, halted: 1, phase: Halted}
96;5;TraderAgent;order_out;{buy, 60, 50}
96;5;TraderAgent;;{inventory: 0}
97;1;Regulator;;{last_price: 21.0638, halt_active: 1, phase: HaltingPeriod}
97;4;MatchingEngine;market_update_out;21.0638
97;4;MatchingEngine;;{liquidity: -2887, last_trade_price: 21.0638, halted: 1, phase: Halted}
97;5;TraderAgent;order_out;{sell, 69, 50}
97;5;TraderAgent;;{inventory: 0}
98;1;Regulator;reg_signal_out;resume
98;1;Regulator;;{last_price: 21.0638, halt_active: 0, phase: Monitoring}
98;4;MatchingEngine;market_update_out;21.0638
98;4;MatchingEngine;;{liquidity: -3075, last_trade_price: 16.1192, halted: 0, phase: Running}
98;5;TraderAgent;order_out;{sell, 188, 50}
98;5;TraderAgent;;{inventory: 0}
98;1;Regulator;;{last_price: 16.1192, halt_active: 1, phase: HaltingPeriod}
98;4;MatchingEngine;market_update_out;16.1192
98;4;MatchingEngine;;{liquidity: -3075, last_trade_price: 16.1192, halted: 0, phase: Running}
98;5;TraderAgent;;{inventory: 0}
98;1;Regulator;reg_signal_out;halt
98;1;Regulator;;{last_price: 16.1192, halt_active: 1, phase: HaltingPeriod}
98;4;MatchingEngine;;{liquidity: -3075, last_trade_price: 16.1192, halted: 1, phase: Halted}
98;5;TraderAgent;;{inventory: 0}
99;1;Regulator;;{last_price: 16.1192, halt_active: 1, phase: HaltingPeriod}
99;4;MatchingEngine;market_update_out;16.1192
99;4;MatchingEngine;;{liquidity: -3075, last_trade_price: 16.1192, halted: 1, phase: Halted}
99;5;TraderAgent;order_out;{sell, 61, 50}
99;5;TraderAgent;;{inventory: 0}
100;1;Regulator;;{last_price: 16.1192, halt_active: 1, phase: HaltingPeriod}
100;4;MatchingEngine;market_update_out;16.1192
100;4;MatchingEngine;;{liquidity: -3075, last_trade_price: 16.1192, halted: 1, phase: Halted}
100;5;TraderAgent;order_out;{buy, 154, 50}
100;5;TraderAgent;;{inventory: 0}
101;1;Regulator;;{last_price: 16.1192, halt_active: 1, phase: HaltingPeriod}
101;4;MatchingEngine;market_update_out;16.1192
101;4;MatchingEngine;;{liquidity: -3075, last_trade_price: 16.1192, halted: 1, phase: Halted}
101;5;TraderAgent;order_out;{buy, 98, 50}
101;5;TraderAgent;;{inventory: 0}
102;1;Regulator;;{last_price: 16.1192, halt_active: 1, phase: HaltingPeriod}
102;4;MatchingEngine;market_update_out;16.1192
102;4;MatchingEngine;;{liquidity: -3075, last_trade_price: 16.1192, halted: 1, phase: Halted}
102;5;TraderAgent;order_out;{sell, 104, 50}
102;5;TraderAgent;;{inventory: 0}
103;1;Regulator;reg_signal_out;resume
103;1;Regulator;;{last_price: 16.1192, halt_active: 0, phase: Monitoring}
103;4;MatchingEngine;market_update_out;16.1192
103;4;MatchingEngine;;{liquidity: -3178, last_trade_price: 11.018, halted: 0, phase: Running}
103;5;TraderAgent;order_out;{sell, 103, 50}
103;5;TraderAgent;;{inventory: 0}
103;1;Regulator;;{last_price: 11.018, halt_active: 1, phase: HaltingPeriod}
103;4;MatchingEngine;market_update_out;11.018
103;4;MatchingEngine;;{liquidity: -3178, last_trade_price: 11.018, halted: 0, phase: Running}
103;5;TraderAgent;;{inventory: 0}
103;1;Regulator;reg_signal_out;halt
103;1;Regulator;;{last_price: 11.018, halt_active: 1, phase: HaltingPeriod}
103;4;MatchingEngine;;{liquidity: -3178, last_trade_price: 11.018, halted: 1, phase: Halted}
103;5;TraderAgent;;{inventory: 0}
104;1;Regulator;;{last_price: 11.018, halt_active: 1, phase: HaltingPeriod}
104;4;MatchingEngine;market_update_out;11.018
104;4;MatchingEngine;;{liquidity: -3178, last_trade_price: 11.018, halted: 1, phase: Halted}
104;5;TraderAgent;order_out;{buy, 95, 50}
104;5;TraderAgent;;{inventory: 0}
105;1;Regulator;;{last_price: 11.018, halt_active: 1, phase: HaltingPeriod}
105;4;MatchingEngine;market_update_out;11.018
105;4;MatchingEngine;;{liquidity: -3178, last_trade_price: 11.018, halted: 1, phase: Halted}
105;5;TraderAgent;order_out;{sell, 146, 50}
105;5;TraderAgent;;{inventory: 0}
106;1;Regulator;;{last_price: 11.018, halt_active: 1, phase: HaltingPeriod}
106;4;MatchingEngine;market_update_out;11.018
106;4;MatchingEngine;;{liquidity: -3178, last_trade_price: 11.018, halted: 1, phase: Halted}
106;5;TraderAgent;order_out;{buy, 172, 50}
106;5;TraderAgent;;{inventory: 0}
107;1;Regulator;;{last_price: 11.018, halt_active: 1, phase: HaltingPeriod}
107;4;MatchingEngine;market_update_out;11.018
107;4;MatchingEngine;;{liquidity: -3178, last_trade_price: 11.018, halted: 1, phase: Halted}
107;5;TraderAgent;order_out;{sell, 106, 50}
107;5;TraderAgent;;{inventory: 0}
108;1;Regulator;reg_signal_out;resume
108;1;Regulator;;{last_price: 11.018, halt_active: 0, phase: Monitoring}
108;4;MatchingEngine;market_update_out;11.018
108;4;MatchingEngine;;{liquidity: -3306, last_trade_price: 13.3287, halted: 0, phase: Running}
108;5;TraderAgent;order_out;{buy, 128, 50}
108;5;TraderAgent;;{inventory: 0}
108;1;Regulator;;{last_price: 13.3287, halt_active: 0, phase: Monitoring}
108;4;MatchingEngine;market_update_out;13.3287
108;4;MatchingEngine;;{liquidity: -3306, last_trade_price: 13.3287, halted: 0, phase: Running}
108;5;TraderAgent;;{inventory: 0}
109;1;Regulator;;{last_price: 13.3287, halt_active: 0, phase: Monitoring}
109;4;MatchingEngine;market_update_out;13.3287
109;4;MatchingEngine;;{liquidity: -3448, last_trade_price: 11.8008, halted: 0, phase: Running}
109;5;TraderAgent;order_out;{sell, 142, 50}
109;5;TraderAgent;;{inventory: 0}
109;1;Regulator;;{last_price: 11.8008, halt_active: 1, phase: HaltingPeriod}
109;4;MatchingEngine;market_update_out;11.8008
109;4;MatchingEngine;;{liquidity: -3448, last_trade_price: 11.8008, halted: 0, phase: Running}
109;5;TraderAgent;;{inventory: 0}
109;1;Regulator;reg_signal_out;halt
109;1;Regulator;;{last_price: 11.8008, halt_active: 1, phase: HaltingPeriod}
109;4;MatchingEngine;;{liquidity: -3448, last_trade_price: 11.8008, halted: 1, phase: Halted}
109;5;TraderAgent;;{inventory: 0}
110;1;Regulator;;{last_price: 11.8008, halt_active: 1, phase: HaltingPeriod}
110;4;MatchingEngine;market_update_out;11.8008
110;4;MatchingEngine;;{liquidity: -3448, last_trade_price: 11.8008, halted: 1, phase: Halted}
110;5;TraderAgent;order_out;{buy, 156, 50}
110;5;TraderAgent;;{inventory: 0}
111;1;Regulator;;{last_price: 11.8008, halt_active: 1, phase: HaltingPeriod}
111;4;MatchingEngine;market_update_out;11.8008
111;4;MatchingEngine;;{liquidity: -3448, last_trade_price: 11.8008, halted: 1, phase: Halted}
111;5;TraderAgent;order_out;{buy, 69, 50}
111;5;TraderAgent;;{inventory: 0}
112;1;Regulator;;{last_price: 11.8008, halt_active: 1, phase: HaltingPeriod}
112;4;MatchingEngine;market_update_out;11.8008
112;4;MatchingEngine;;{liquidity: -3448, last_trade_price: 11.8008, halted: 1, phase: Halted}
112;5;TraderAgent;order_out;{sell, 60, 50}
112;5;TraderAgent;;{inventory: 0}
113;1;Regulator;;{last_price: 11.8008, halt_active: 1, phase: HaltingPeriod}
113;4;MatchingEngine;market_update_out;11.8008
113;4;MatchingEngine;;{liquidity: -3448, last_trade_price: 11.8008, halted: 1, phase: Halted}
113;5;TraderAgent;order_out;{buy, 116, 50}
113;5;TraderAgent;;{inventory: 0}
114;1;Regulator;reg_signal_out;resume
114;1;Regulator;;{last_price: 11.8008, halt_active: 0, phase: Monitoring}
114;4;MatchingEngine;market_update_out;11.8008
114;4;MatchingEngine;;{liquidity: -3638, last_trade_price: 14.788, halted: 0, phase: Running}
114;5;TraderAgent;order_out;{buy, 190, 50}
114;5;TraderAgent;;{inventory: 0}
114;1;Regulator;;{last_price: 14.788, halt_active: 0, phase: Monitoring}
114;4;MatchingEngine;market_update_out;14.788
114;4;MatchingEngine;;{liquidity: -3638, last_trade_price: 14.788, halted: 0, phase: Running}
114;5;TraderAgent;;{inventory: 0}
115;1;Regulator;;{last_price: 14.788, halt_active: 0, phase: Monitoring}
115;4;MatchingEngine;market_update_out;14.788
115;4;MatchingEngine;;{liquidity: -3693, last_trade_price: 17.6076, halted: 0, phase: Running}
115;5;TraderAgent;order_out;{buy, 55, 50}
115;5;TraderAgent;;{inventory: 0}
115;1;Regulator;;{last_price: 17.6076, halt_active: 0, phase: Monitoring}
115;4;MatchingEngine;market_update_out;17.6076
115;4;MatchingEngine;;{liquidity: -3693, last_trade_price: 17.6076, halted: 0, phase: Running}
115;5;TraderAgent;;{inventory: 0}
116;1;Regulator;;{last_price: 17.6076, halt_active: 0, phase: Monitoring}
116;4;MatchingEngine;market_update_out;17.6076
116;4;MatchingEngine;;{liquidity: -3858, last_trade_price: 19.3991, halted: 0, phase: Running}
116;5;TraderAgent;order_out;{buy, 165, 50}
116;5;TraderAgent;;{inventory: 0}
116;1;Regulator;;{last_price: 19.3991, halt_active: 0, phase: Monitoring}
116;4;MatchingEngine;market_update_out;19.3991
116;4;MatchingEngine;;{liquidity: -3858, last_trade_price: 19.3991, halted: 0, phase: Running}
116;5;TraderAgent;;{inventory: 0}
117;1;Regulator;;{last_price: 19.3991, halt_active: 0, phase: Monitoring}
117;4;MatchingEngine;market_update_out;19.3991
117;4;MatchingEngine;;{liquidity: -3910, last_trade_price: 22.4884, halted: 0, phase: Running}
117;5;TraderAgent;order_out;{buy, 52, 50}
117;5;TraderAgent;;{inventory: 0}
117;1;Regulator;;{last_price: 22.4884, halt_active: 0, phase: Monitoring}
117;4;MatchingEngine;market_update_out;22.4884
117;4;MatchingEngine;;{liquidity: -3910, last_trade_price: 22.4884, halted: 0, phase: Running}
117;5;TraderAgent;;{inventory: 0}
118;1;Regulator;;{last_price: 22.4884, halt_active: 0, phase: Monitoring}
118;4;MatchingEngine;market_update_out;22.4884
118;4;MatchingEngine;;{liquidity: -4039, last_trade_price: 23.2151, halted: 0, phase: Running}
118;5;TraderAgent;order_out;{buy, 129, 50}
118;5;TraderAgent;;{inventory: 0}
118;1;Regulator;;{last_price: 23.2151, halt_active: 0, phase: Monitoring}
118;4;MatchingEngine;market_update_out;23.2151
118;4;MatchingEngine;;{liquidity: -4039, last_trade_price: 23.2151, halted: 0, phase: Running}
118;5;TraderAgent;;{inventory: 0}
119;1;Regulator;;{last_price: 23.2151, halt_active: 0, phase: Monitoring}
119;4;MatchingEngine;market_update_out;23.2151
119;4;MatchingEngine;;{liquidity: -4206, last_trade_price: 25.3752, halted: 0, phase: Running}
119;5;TraderAgent;order_out;{buy, 167, 50}
119;5;TraderAgent;;{inventory: 0}
119;1;Regulator;;{last_price: 25.3752, halt_active: 0, phase: Monitoring}
119;4;MatchingEngine;market_update_out;25.3752
119;4;MatchingEngine;;{liquidity: -4206, last_trade_price: 25.3752, halted: 0, phase: Running}
119;5;TraderAgent;;{inventory: 0}
120;1;Regulator;;{last_price: 25.3752, halt_active: 0, phase: Monitoring}
120;4;MatchingEngine;market_update_out;25.3752
120;4;MatchingEngine;;{liquidity: -4307, last_trade_price: 27.2287, halted: 0, phase: Running}
120;5;TraderAgent;order_out;{buy, 101, 50}
120;5;TraderAgent;;{inventory: 0}
120;1;Regulator;;{last_price: 27.2287, halt_active: 0, phase: Monitoring}
120;4;MatchingEngine;market_update_out;27.2287
120;4;MatchingEngine;;{liquidity: -4307, last_trade_price: 27.2287, halted: 0, phase: Running}
120;5;TraderAgent;;{inventory: 0}
121;1;Regulator;;{last_price: 27.2287, halt_active: 0, phase: Monitoring}
121;4;MatchingEngine;market_update_out;27.2287
121;4;MatchingEngine;;{liquidity: -4486, last_trade_price: 29.8333, halted: 0, phase: Running}
121;5;TraderAgent;order_out;{buy, 179, 50}
121;5;TraderAgent;;{inventory: 0}
121;1;Regulator;;{last_price: 29.8333, halt_active: 0, phase: Monitoring}
121;4;MatchingEngine;market_update_out;29.8333
121;4;MatchingEngine;;{liquidity: -4486, last_trade_price: 29.8333, halted: 0, phase: Running}
121;5;TraderAgent;;{inventory: 0}
122;1;Regulator;;{last_price: 29.8333, halt_active: 0, phase: Monitoring}
122;4;MatchingEngine;market_update_out;29.8333
122;4;MatchingEngine;;{liquidity: -4566, last_trade_price: 32.5615, halted: 0, phase: Running}
122;5;TraderAgent;order_out;{buy, 80, 50}
122;5;TraderAgent;;{inventory: 0}
122;1;Regulator;;{last_price: 32.5615, halt_active: 0, phase: Monitoring}
122;4;MatchingEngine;market_update_out;32.5615
122;4;MatchingEngine;;{liquidity: -4566, last_trade_price: 32.5615, halted: 0, phase: Running}
122;5;TraderAgent;;{inventory: 0}
123;1;Regulator;;{last_price: 32.5615, halt_active: 0, phase: Monitoring}
123;4;MatchingEngine;market_update_out;32.5615
123;4;MatchingEngine;;{liquidity: -4735, last_trade_price: 34.2721, halted: 0, phase: Running}
123;5;TraderAgent;order_out;{buy, 169, 50}
123;5;TraderAgent;;{inventory: 0}
123;1;Regulator;;{last_price: 34.2721, halt_active: 0, phase: Monitoring}
123;4;MatchingEngine;market_update_out;34.2721
123;4;MatchingEngine;;{liquidity: -4735, last_trade_price: 34.2721, halted: 0, phase: Running}
123;5;TraderAgent;;{inventory: 0}
124;1;Regulator;;{last_price: 34.2721, halt_active: 0, phase: Monitoring}
124;4;MatchingEngine;market_update_out;34.2721
124;4;MatchingEngine;;{liquidity: -4928, last_trade_price: 28.3156, halted: 0, phase: Running}
124;5;TraderAgent;order_out;{sell, 193, 50}
124;5;TraderAgent;;{inventory: 0}
124;1;Regulator;;{last_price: 28.3156, halt_active: 1, phase: HaltingPeriod}
124;4;MatchingEngine;market_update_out;28.3156
124;4;MatchingEngine;;{liquidity: -4928, last_trade_price: 28.3156, halted: 0, phase: Running}
124;5;TraderAgent;;{inventory: 0}
124;1;Regulator;reg_signal_out;halt
124;1;Regulator;;{last_price: 28.3156, halt_active: 1, phase: HaltingPeriod}
124;4;MatchingEngine;;{liquidity: -4928, last_trade_price: 28.3156, halted: 1, phase: Halted}
124;5;TraderAgent;;{inventory: 0}
125;1;Regulator;;{last_price: 28.3156, halt_active: 1, phase: HaltingPeriod}
125;4;MatchingEngine;market_update_out;28.3156
125;4;MatchingEngine;;{liquidity: -4928, last_trade_price: 28.3156, halted: 1, phase: Halted}
125;5;TraderAgent;order_out;{buy, 117, 50}
125;5;TraderAgent;;{inventory: 0}
126;1;Regulator;;{last_price: 28.3156, halt_active: 1, phase: HaltingPeriod}
126;4;MatchingEngine;market_update_out;28.3156
126;4;MatchingEngine;;{liquidity: -4928, last_trade_price: 28.3156, halted: 1, phase: Halted}
126;5;TraderAgent;order_out;{sell, 56, 50}
126;5;TraderAgent;;{inventory: 0}
127;1;Regulator;;{last_price: 28.3156, halt_active: 1, phase: HaltingPeriod}
127;4;MatchingEngine;market_update_out;28.3156
127;4;MatchingEngine;;{liquidity: -4928, last_trade_price: 28.3156, halted: 1, phase: Halted}
127;5;TraderAgent;order_out;{sell, 115, 50}
127;5;TraderAgent;;{inventory: 0}
128;1;Regulator;;{last_price: 28.3156, halt_active: 1, phase: HaltingPeriod}
128;4;MatchingEngine;market_update_out;28.3156
128;4;MatchingEngine;;{liquidity: -4928, last_trade_price: 28.3156, halted: 1, phase: Halted}
128;5;TraderAgent;order_out;{sell, 150, 50}
128;5;TraderAgent;;{inventory: 0}
129;1;Regulator;reg_signal_out;resume
129;1;Regulator;;{last_price: 28.3156, halt_active: 0, phase: Monitoring}
129;4;MatchingEngine;market_update_out;28.3156
129;4;MatchingEngine;;{liquidity: -5037, last_trade_price: 27.0073, halted: 0, phase: Running}
129;5;TraderAgent;order_out;{sell, 109, 50}
129;5;TraderAgent;;{inventory: 0}
129;1;Regulator;;{last_price: 27.0073, halt_active: 1, phase: HaltingPeriod}
129;4;MatchingEngine;market_update_out;27.0073
129;4;MatchingEngine;;{liquidity: -5037, last_trade_price: 27.0073, halted: 0, phase: Running}
129;5;TraderAgent;;{inventory: 0}
129;1;Regulator;reg_signal_out;halt
129;1;Regulator;;{last_price: 27.0073, halt_active: 1, phase: HaltingPeriod}
129;4;MatchingEngine;;{liquidity: -5037, last_trade_price: 27.0073, halted: 1, phase: Halted}
129;5;TraderAgent;;{inventory: 0}
130;1;Regulator;;{last_price: 27.0073, halt_active: 1, phase: HaltingPeriod}
130;4;MatchingEngine;market_update_out;27.0073
130;4;MatchingEngine;;{liquidity: -5037, last_trade_price: 27.0073, halted: 1, phase: Halted}
130;5;TraderAgent;order_out;{buy, 71, 50}
130;5;TraderAgent;;{inventory: 0}
131;1;Regulator;;{last_price: 27.0073, halt_active: 1, phase: HaltingPeriod}
131;4;MatchingEngine;market_update_out;27.0073
131;4;MatchingEngine;;{liquidity: -5037, last_trade_price: 27.0073, halted: 1, phase: Halted}
131;5;TraderAgent;order_out;{sell, 162, 50}
131;5;TraderAgent;;{inventory: 0}
132;1;Regulator;;{last_price: 27.0073, halt_active: 1, phase: HaltingPeriod}
132;4;MatchingEngine;market_update_out;27.0073
132;4;MatchingEngine;;{liquidity: -5037, last_trade_price: 27.0073, halted: 1, phase: Halted}
132;5;TraderAgent;order_out;{sell, 71, 50}
132;5;TraderAgent;;{inventory: 0}
133;1;Regulator;;{last_price: 27.0073, halt_active: 1, phase: HaltingPeriod}
133;4;MatchingEngine;market_update_out;27.0073
133;4;MatchingEngine;;{liquidity: -5037, last_trade_price: 27.0073, halted: 1, phase: Halted}
133;5;TraderAgent;order_out;{buy, 192, 50}
133;5;TraderAgent;;{inventory: 0}
134;1;Regulator;reg_signal_out;resume
134;1;Regulator;;{last_price: 27.0073, halt_active: 0, phase: Monitoring}
134;4;MatchingEngine;market_update_out;27.0073
134;4;MatchingEngine;;{liquidity: -5187, last_trade_price: 22.2949, halted: 0, phase: Running}
134;5;TraderAgent;order_out;{sell, 150, 50}
134;5;TraderAgent;;{inventory: 0}
134;1;Regulator;;{last_price: 22.2949, halt_active: 1, phase: HaltingPeriod}
134;4;MatchingEngine;market_update_out;22.2949
134;4;MatchingEngine;;{liquidity: -5187, last_trade_price: 22.2949, halted: 0, phase: Running}
134;5;TraderAgent;;{inventory: 0}
134;1;Regulator;reg_signal_out;halt
134;1;Regulator;;{last_price: 22.2949, halt_active: 1, phase: HaltingPeriod}
134;4;MatchingEngine;;{liquidity: -5187, last_trade_price: 22.2949, halted: 1, phase: Halted}
134;5;TraderAgent;;{inventory: 0}
135;1;Regulator;;{last_price: 22.2949, halt_active: 1, phase: HaltingPeriod}
135;4;MatchingEngine;market_update_out;22.2949
135;4;MatchingEngine;;{liquidity: -5187, last_trade_price: 22.2949, halted: 1, phase: Halted}
135;5;TraderAgent;order_out;{sell, 153, 50}
135;5;TraderAgent;;{inventory: 0}
136;1;Regulator;;{last_price: 22.2949, halt_active: 1, phase: HaltingPeriod}
136;4;MatchingEngine;market_update_out;22.2949
136;4;MatchingEngine;;{liquidity: -5187, last_trade_price: 22.2949, halted: 1, phase: Halted}
136;5;TraderAgent;order_out;{sell, 102, 50}
136;5;TraderAgent;;{inventory: 0}
137;1;Regulator;;{last_price: 22.2949, halt_active: 1, phase: HaltingPeriod}
137;4;MatchingEngine;market_update_out;22.2949
137;4;MatchingEngine;;{liquidity: -5187, last_trade_price: 22.2949, halted: 1, phase: Halted}
137;5;TraderAgent;order_out;{sell, 197, 50}
137;5;TraderAgent;;{inventory: 0}
138;1;Regulator;;{last_price: 22.2949, halt_active: 1, phase: HaltingPeriod}
138;4;MatchingEngine;market_update_out;22.2949
138;4;MatchingEngine;;{liquidity: -5187, last_trade_price: 22.2949, halted: 1, phase: Halted}
138;5;TraderAgent;order_out;{buy, 192, 50}
138;5;TraderAgent;;{inventory: 0}
139;1;Regulator;reg_signal_out;resume
139;1;Regulator;;{last_price: 22.2949, halt_active: 0, phase: Monitoring}
139;4;MatchingEngine;market_update_out;22.2949
139;4;MatchingEngine;;{liquidity: -5296, last_trade_price: 18.9322, halted: 0, phase: Running}
139;5;TraderAgent;order_out;{sell, 109, 50}
139;5;TraderAgent;;{inventory: 0}
139;1;Regulator;;{last_price: 18.9322, halt_active: 1, phase: HaltingPeriod}
139;4;MatchingEngine;market_update_out;18.9322
139;4;MatchingEngine;;{liquidity: -5296, last_trade_price: 18.9322, halted: 0, phase: Running}
139;5;TraderAgent;;{inventory: 0}
139;1;Regulator;reg_signal_out;halt
139;1;Regulator;;{last_price: 18.9322, halt_active: 1, phase: HaltingPeriod}
139;4;MatchingEngine;;{liquidity: -5296, last_trade_price: 18.9322, halted: 1, phase: Halted}
139;5;TraderAgent;;{inventory: 0}
140;1;Regulator;;{last_price: 18.9322, halt_active: 1, phase: HaltingPeriod}
140;4;MatchingEngine;market_update_out;18.9322
140;4;MatchingEngine;;{liquidity: -5296, last_trade_price: 18.9322, halted: 1, phase: Halted}
140;5;TraderAgent;order_out;{sell, 145, 50}
140;5;TraderAgent;;{inventory: 0}
141;1;Regulator;;{last_price: 18.9322, halt_active: 1, phase: HaltingPeriod}
141;4;MatchingEngine;market_update_out;18.9322
141;4;MatchingEngine;;{liquidity: -5296, last_trade_price: 18.9322, halted: 1, phase: Halted}
141;5;TraderAgent;order_out;{buy, 132, 50}
141;5;TraderAgent;;{inventory: 0}
142;1;Regulator;;{last_price: 18.9322, halt_active: 1, phase: HaltingPeriod}
142;4;MatchingEngine;market_update_out;18.9322
142;4;MatchingEngine;;{liquidity: -5296, last_trade_price: 18.9322, halted: 1, phase: Halted}
142;5;TraderAgent;order_out;{buy, 195, 50}
142;5;TraderAgent;;{inventory: 0}
143;1;Regulator;;{last_price: 18.9322, halt_active: 1, phase: HaltingPeriod}
143;4;MatchingEngine;market_update_out;18.9322
143;4;MatchingEngine;;{liquidity: -5296, last_trade_price: 18.9322, halted: 1, phase: Halted}
143;5;TraderAgent;order_out;{sell, 176, 50}
143;5;TraderAgent;;{inventory: 0}
144;1;Regulator;reg_signal_out;resume
144;1;Regulator;;{last_price: 18.9322, halt_active: 0, phase: Monitoring}
144;4;MatchingEngine;market_update_out;18.9322
144;4;MatchingEngine;;{liquidity: -5392, last_trade_price: 16.2625, halted: 0, phase: Running}
144;5;TraderAgent;order_out;{sell, 96, 50}
144;5;TraderAgent;;{inventory: 0}
144;1;Regulator;;{last_price: 16.2625, halt_active: 1, phase: HaltingPeriod}
144;4;MatchingEngine;market_update_out;16.2625
144;4;MatchingEngine;;{liquidity: -5392, last_trade_price: 16.2625, halted: 0, phase: Running}
144;5;TraderAgent;;{inventory: 0}
144;1;Regulator;reg_signal_out;halt
144;1;Regulator;;{last_price: 16.2625, halt_active: 1, phase: HaltingPeriod}
144;4;MatchingEngine;;{liquidity: -5392, last_trade_price: 16.2625, halted: 1, phase: Halted}
144;5;TraderAgent;;{inventory: 0}
145;1;Regulator;;{last_price: 16.2625, halt_active: 1, phase: HaltingPeriod}
145;4;MatchingEngine;market_update_out;16.2625
145;4;MatchingEngine;;{liquidity: -5392, last_trade_price: 16.2625, halted: 1, phase: Halted}
145;5;TraderAgent;order_out;{sell, 142, 50}
145;5;TraderAgent;;{inventory: 0}
146;1;Regulator;;{last_price: 16.2625, halt_active: 1, phase: HaltingPeriod}
146;4;MatchingEngine;market_update_out;16.2625
146;4;MatchingEngine;;{liquidity: -5392, last_trade_price: 16.2625, halted: 1, phase: Halted}
146;5;TraderAgent;order_out;{buy, 158, 50}
146;5;TraderAgent;;{inventory: 0}
147;1;Regulator;;{last_price: 16.2625, halt_active: 1, phase: HaltingPeriod}
147;4;MatchingEngine;market_update_out;16.2625
147;4;MatchingEngine;;{liquidity: -5392, last_trade_price: 16.2625, halted: 1, phase: Halted}
147;5;TraderAgent;order_out;{buy, 69, 50}
147;5;TraderAgent;;{inventory: 0}
148;1;Regulator;;{last_price: 16.2625, halt_active: 1, phase: HaltingPeriod}
148;4;MatchingEngine;market_update_out;16.2625
148;4;MatchingEngine;;{liquidity: -5392, last_trade_price: 16.2625, halted: 1, phase: Halted}
148;5;TraderAgent;order_out;{buy, 187, 50}
148;5;TraderAgent;;{inventory: 0}
149;1;Regulator;reg_signal_out;resume
149;1;Regulator;;{last_price: 16.2625, halt_active: 0, phase: Monitoring}
149;4;MatchingEngine;market_update_out;16.2625
149;4;MatchingEngine;;{liquidity: -5553, last_trade_price: 13.1347, halted: 0, phase: Running}
149;5;TraderAgent;order_out;{sell, 161, 50}
149;5;TraderAgent;;{inventory: 0}
149;1;Regulator;;{last_price: 13.1347, halt_active: 1, phase: HaltingPeriod}
149;4;MatchingEngine;market_update_out;13.1347
149;4;MatchingEngine;;{liquidity: -5553, last_trade_price: 13.1347, halted: 0, phase: Running}
149;5;TraderAgent;;{inventory: 0}
149;1;Regulator;reg_signal_out;halt
149;1;Regulator;;{last_price: 13.1347, halt_active: 1, phase: HaltingPeriod}
149;4;MatchingEngine;;{liquidity: -5553, last_trade_price: 13.1347, halted: 1, phase: Halted}
149;5;TraderAgent;;{inventory: 0}
150;1;Regulator;;{last_price: 13.1347, halt_active: 1, phase: HaltingPeriod}
150;4;MatchingEngine;market_update_out;13.1347
150;4;MatchingEngine;;{liquidity: -5553, last_trade_price: 13.1347, halted: 1, phase: Halted}
150;5;TraderAgent;order_out;{sell, 118, 50}
150;5;TraderAgent;;{inventory: 0}
151;1;Regulator;;{last_price: 13.1347, halt_active: 1, phase: HaltingPeriod}
151;4;MatchingEngine;market_update_out;13.1347
151;4;MatchingEngine;;{liquidity: -5553, last_trade_price: 13.1347, halted: 1, phase: Halted}
151;5;TraderAgent;order_out;{buy, 192, 50}
151;5;TraderAgent;;{inventory: 0}
152;1;Regulator;;{last_price: 13.1347, halt_active: 1, phase: HaltingPeriod}
152;4;MatchingEngine;market_update_out;13.1347
152;4;MatchingEngine;;{liquidity: -5553, last_trade_price: 13.1347, halted: 1, phase: Halted}
152;5;TraderAgent;order_out;{buy, 171, 50}
152;5;TraderAgent;;{inventory: 0}
153;1;Regulator;;{last_price: 13.1347, halt_active: 1, phase: HaltingPeriod}
153;4;MatchingEngine;market_update_out;13.1347
153;4;MatchingEngine;;{liquidity: -5553, last_trade_price: 13.1347, halted: 1, phase: Halted}
153;5;TraderAgent;order_out;{buy, 184, 50}
153;5;TraderAgent;;{inventory: 0}
154;1;Regulator;reg_signal_out;resume
154;1;Regulator;;{last_price: 13.1347, halt_active: 0, phase: Monitoring}
154;4;MatchingEngine;market_update_out;13.1347
154;4;MatchingEngine;;{liquidity: -5616, last_trade_price: 15.6569, halted: 0, phase: Running}
154;5;TraderAgent;order_out;{buy, 63, 50}
154;5;TraderAgent;;{inventory: 0}
154;1;Regulator;;{last_price: 15.6569, halt_active: 0, phase: Monitoring}
154;4;MatchingEngine;market_update_out;15.6569
154;4;MatchingEngine;;{liquidity: -5616, last_trade_price: 15.6569, halted: 0, phase: Running}
154;5;TraderAgent;;{inventory: 0}
155;1;Regulator;;{last_price: 15.6569, halt_active: 0, phase: Monitoring}
155;4;MatchingEngine;market_update_out;15.6569
155;4;MatchingEngine;;{liquidity: -5811, last_trade_price: 13.5288, halted: 0, phase: Running}
155;5;TraderAgent;order_out;{sell, 195, 50}
155;5;TraderAgent;;{inventory: 0}
155;1;Regulator;;{last_price: 13.5288, halt_active: 1, phase: HaltingPeriod}
155;4;MatchingEngine;market_update_out;13.5288
155;4;MatchingEngine;;{liquidity: -5811, last_trade_price: 13.5288, halted: 0, phase: Running}
155;5;TraderAgent;;{inventory: 0}
155;1;Regulator;reg_signal_out;halt
155;1;Regulator;;{last_price: 13.5288, halt_active: 1, phase: HaltingPeriod}
155;4;MatchingEngine;;{liquidity: -5811, last_trade_price: 13.5288, halted: 1, phase: Halted}
155;5;TraderAgent;;{inventory: 0}
156;1;Regulator;;{last_price: 13.5288, halt_active: 1, phase: HaltingPeriod}
156;4;MatchingEngine;market_update_out;13.5288
156;4;MatchingEngine;;{liquidity: -5811, last_trade_price: 13.5288, halted: 1, phase: Halted}
156;5;TraderAgent;order_out;{buy, 175, 50}
156;5;TraderAgent;;{inventory: 0}
157;1;Regulator;;{last_price: 13.5288, halt_active: 1, phase: HaltingPeriod}
157;4;MatchingEngine;market_update_out;13.5288
157;4;MatchingEngine;;{liquidity: -5811, last_trade_price: 13.5288, halted: 1, phase: Halted}
157;5;TraderAgent;order_out;{sell, 175, 50}
157;5;TraderAgent;;{inventory: 0}
158;1;Regulator;;{last_price: 13.5288, halt_active: 1, phase: HaltingPeriod}
158;4;MatchingEngine;market_update_out;13.5288
158;4;MatchingEngine;;{liquidity: -5811, last_trade_price: 13.5288, halted: 1, phase: Halted}
158;5;TraderAgent;order_out;{sell, 153, 50}
158;5;TraderAgent;;{inventory: 0}
159;1;Regulator;;{last_price: 13.5288, halt_active: 1, phase: HaltingPeriod}
159;4;MatchingEngine;market_update_out;13.5288
159;4;MatchingEngine;;{liquidity: -5811, last_trade_price: 13.5288, halted: 1, phase: Halted}
159;5;TraderAgent;order_out;{sell, 63, 50}
159;5;TraderAgent;;{inventory: 0}
160;1;Regulator;reg_signal_out;resume
160;1;Regulator;;{last_price: 13.5288, halt_active: 0, phase: Monitoring}
160;4;MatchingEngine;market_update_out;13.5288
160;4;MatchingEngine;;{liquidity: -5975, last_trade_price: 15.3401, halted: 0, phase: Running}
160;5;TraderAgent;order_out;{buy, 164, 50}
160;5;TraderAgent;;{inventory: 0}
160;1;Regulator;;{last_price: 15.3401, halt_active: 0, phase: Monitoring}
160;4;MatchingEngine;market_update_out;15.3401
160;4;MatchingEngine;;{liquidity: -5975, last_trade_price: 15.3401, halted: 0, phase: Running}
160;5;TraderAgent;;{inventory: 0}
161;1;Regulator;;{last_price: 15.3401, halt_active: 0, phase: Monitoring}
161;4;MatchingEngine;market_update_out;15.3401
161;4;MatchingEngine;;{liquidity: -6135, last_trade_price: 13.3456, halted: 0, phase: Running}
161;5;TraderAgent;order_out;{sell, 160, 50}
161;5;TraderAgent;;{inventory: 0}
161;1;Regulator;;{last_price: 13.3456, halt_active: 1, phase: HaltingPeriod}
161;4;MatchingEngine;market_update_out;13.3456
161;4;MatchingEngine;;{liquidity: -6135, last_trade_price: 13.3456, halted: 0, phase: Running}
161;5;TraderAgent;;{inventory: 0}
161;1;Regulator;reg_signal_out;halt
161;1;Regulator;;{last_price: 13.3456, halt_active: 1, phase: HaltingPeriod}
161;4;MatchingEngine;;{liquidity: -6135, last_trade_price: 13.3456, halted: 1, phase: Halted}
161;5;TraderAgent;;{inventory: 0}
162;1;Regulator;;{last_price: 13.3456, halt_active: 1, phase: HaltingPeriod}
162;4;MatchingEngine;market_update_out;13.3456
162;4;MatchingEngine;;{liquidity: -6135, last_trade_price: 13.3456, halted: 1, phase: Halted}
162;5;TraderAgent;order_out;{sell, 62, 50}
162;5;TraderAgent;;{inventory: 0}
163;1;Regulator;;{last_price: 13.3456, halt_active: 1, phase: HaltingPeriod}
163;4;MatchingEngine;market_update_out;13.3456
163;4;MatchingEngine;;{liquidity: -6135, last_trade_price: 13.3456, halted: 1, phase: Halted}
163;5;TraderAgent;order_out;{sell, 96, 50}
163;5;TraderAgent;;{inventory: 0}
164;1;Regulator;;{last_price: 13.3456, halt_active: 1, phase: HaltingPeriod}
164;4;MatchingEngine;market_update_out;13.3456
164;4;MatchingEngine;;{liquidity: -6135, last_trade_price: 13.3456, halted: 1, phase: Halted}
164;5;TraderAgent;order_out;{sell, 78, 50}
164;5;TraderAgent;;{inventory: 0}
165;1;Regulator;;{last_price: 13.3456, halt_active: 1, phase: HaltingPeriod}
165;4;MatchingEngine;market_update_out;13.3456
165;4;MatchingEngine;;{liquidity: -6135, last_trade_price: 13.3456, halted: 1, phase: Halted}
165;5;TraderAgent;order_out;{sell, 135, 50}
165;5;TraderAgent;;{inventory: 0}
166;1;Regulator;reg_signal_out;resume
166;1;Regulator;;{last_price: 13.3456, halt_active: 0, phase: Monitoring}
166;4;MatchingEngine;market_update_out;13.3456
166;4;MatchingEngine;;{liquidity: -6261, last_trade_price: 14.3068, halted: 0, phase: Running}
166;5;TraderAgent;order_out;{buy, 126, 50}
166;5;TraderAgent;;{inventory: 0}
166;1;Regulator;;{last_price: 14.3068, halt_active: 0, phase: Monitoring}
166;4;MatchingEngine;market_update_out;14.3068
166;4;MatchingEngine;;{liquidity: -6261, last_trade_price: 14.3068, halted: 0, phase: Running}
166;5;TraderAgent;;{inventory: 0}
167;1;Regulator;;{last_price: 14.3068, halt_active: 0, phase: Monitoring}
167;4;MatchingEngine;market_update_out;14.3068
167;4;MatchingEngine;;{liquidity: -6337, last_trade_price: 16.072, halted: 0, phase: Running}
167;5;TraderAgent;order_out;{buy, 76, 50}
167;5;TraderAgent;;{inventory: 0}
167;1;Regulator;;{last_price: 16.072, halt_active: 0, phase: Monitoring}
167;4;MatchingEngine;market_update_out;16.072
167;4;MatchingEngine;;{liquidity: -6337, last_trade_price: 16.072, halted: 0, phase: Running}
167;5;TraderAgent;;{inventory: 0}
168;1;Regulator;;{last_price: 16.072, halt_active: 0, phase: Monitoring}
168;4;MatchingEngine;market_update_out;16.072
168;4;MatchingEngine;;{liquidity: -6521, last_trade_price: 13.534, halted: 0, phase: Running}
168;5;TraderAgent;order_out;{sell, 184, 50}
168;5;TraderAgent;;{inventory: 0}
168;1;Regulator;;{last_price: 13.534, halt_active: 1, phase: HaltingPeriod}
168;4;MatchingEngine;market_update_out;13.534
168;4;MatchingEngine;;{liquidity: -6521, last_trade_price: 13.534, halted: 0, phase: Running}
168;5;TraderAgent;;{inventory: 0}
168;1;Regulator;reg_signal_out;halt
168;1;Regulator;;{last_price: 13.534, halt_active: 1, phase: HaltingPeriod}
168;4;MatchingEngine;;{liquidity: -6521, last_trade_price: 13.534, halted: 1, phase: Halted}
168;5;TraderAgent;;{inventory: 0}
169;1;Regulator;;{last_price: 13.534, halt_active: 1, phase: HaltingPeriod}
169;4;MatchingEngine;market_update_out;13.534
169;4;MatchingEngine;;{liquidity: -6521, last_trade_price: 13.534, halted: 1, phase: Halted}
169;5;TraderAgent;order_out;{buy, 198, 50}
169;5;TraderAgent;;{inventory: 0}
170;1;Regulator;;{last_price: 13.534, halt_active: 1, phase: HaltingPeriod}
170;4;MatchingEngine;market_update_out;13.534
170;4;MatchingEngine;;{liquidity: -6521, last_trade_price: 13.534, halted: 1, phase: Halted}
170;5;TraderAgent;order_out;{buy, 61, 50}
170;5;TraderAgent;;{inventory: 0}
171;1;Regulator;;{last_price: 13.534, halt_active: 1, phase: HaltingPeriod}
171;4;MatchingEngine;market_update_out;13.534
171;4;MatchingEngine;;{liquidity: -6521, last_trade_price: 13.534, halted: 1, phase: Halted}
171;5;TraderAgent;order_out;{sell, 187, 50}
171;5;TraderAgent;;{inventory: 0}
172;1;Regulator;;{last_price: 13.534, halt_active: 1, phase: HaltingPeriod}
172;4;MatchingEngine;market_update_out;13.534
172;4;MatchingEngine;;{liquidity: -6521, last_trade_price: 13.534, halted: 1, phase: Halted}
172;5;TraderAgent;order_out;{sell, 59, 50}
172;5;TraderAgent;;{inventory: 0}
173;1;Regulator;reg_signal_out;resume
173;1;Regulator;;{last_price: 13.534, halt_active: 0, phase: Monitoring}
173;4;MatchingEngine;market_update_out;13.534
173;4;MatchingEngine;;{liquidity: -6606, last_trade_price: 16.9908, halted: 0, phase: Running}
173;5;TraderAgent;order_out;{buy, 85, 50}
173;5;TraderAgent;;{inventory: 0}
173;1;Regulator;;{last_price: 16.9908, halt_active: 0, phase: Monitoring}
173;4;MatchingEngine;market_update_out;16.9908
173;4;MatchingEngine;;{liquidity: -6606, last_trade_price: 16.9908, halted: 0, phase: Running}
173;5;TraderAgent;;{inventory: 0}
174;1;Regulator;;{last_price: 16.9908, halt_active: 0, phase: Monitoring}
174;4;MatchingEngine;market_update_out;16.9908
174;4;MatchingEngine;;{liquidity: -6746, last_trade_price: 11.0016, halted: 0, phase: Running}
174;5;TraderAgent;order_out;{sell, 140, 50}
174;5;TraderAgent;;{inventory: 0}
174;1;Regulator;;{last_price: 11.0016, halt_active: 1, phase: HaltingPeriod}
174;4;MatchingEngine;market_update_out;11.0016
174;4;MatchingEngine;;{liquidity: -6746, last_trade_price: 11.0016, halted: 0, phase: Running}
174;5;TraderAgent;;{inventory: 0}
174;1;Regulator;reg_signal_out;halt
174;1;Regulator;;{last_price: 11.0016, halt_active: 1, phase: HaltingPeriod}
174;4;MatchingEngine;;{liquidity: -6746, last_trade_price: 11.0016, halted: 1, phase: Halted}
174;5;TraderAgent;;{inventory: 0}
175;1;Regulator;;{last_price: 11.0016, halt_active: 1, phase: HaltingPeriod}
175;4;MatchingEngine;market_update_out;11.0016
175;4;MatchingEngine;;{liquidity: -6746, last_trade_price: 11.0016, halted: 1, phase: Halted}
175;5;TraderAgent;order_out;{buy, 182, 50}
175;5;TraderAgent;;{inventory: 0}
176;1;Regulator;;{last_price: 11.0016, halt_active: 1, phase: HaltingPeriod}
176;4;MatchingEngine;market_update_out;11.0016
176;4;MatchingEngine;;{liquidity: -6746, last_trade_price: 11.0016, halted: 1, phase: Halted}
176;5;TraderAgent;order_out;{sell, 160, 50}
176;5;TraderAgent;;{inventory: 0}
177;1;Regulator;;{last_price: 11.0016, halt_active: 1, phase: HaltingPeriod}
177;4;MatchingEngine;market_update_out;11.0016
177;4;MatchingEngine;;{liquidity: -6746, last_trade_price: 11.0016, halted: 1, phase: Halted}
177;5;TraderAgent;order_out;{sell, 84, 50}
177;5;TraderAgent;;{inventory: 0}
178;1;Regulator;;{last_price: 11.0016, halt_active: 1, phase: HaltingPeriod}
178;4;MatchingEngine;market_update_out;11.0016
178;4;MatchingEngine;;{liquidity: -6746, last_trade_price: 11.0016, halted: 1, phase: Halted}
178;5;TraderAgent;order_out;{buy, 180, 50}
178;5;TraderAgent;;{inventory: 0}
179;1;Regulator;reg_signal_out;resume
179;1;Regulator;;{last_price: 11.0016, halt_active: 0, phase: Monitoring}
179;4;MatchingEngine;market_update_out;11.0016
179;4;MatchingEngine;;{liquidity: -6810, last_trade_price: 12.2733, halted: 0, phase: Running}
179;5;TraderAgent;order_out;{buy, 64, 50}
179;5;TraderAgent;;{inventory: 0}
179;1;Regulator;;{last_price: 12.2733, halt_active: 0, phase: Monitoring}
179;4;MatchingEngine;market_update_out;12.2733
179;4;MatchingEngine;;{liquidity: -6810, last_trade_price: 12.2733, halted: 0, phase: Running}
179;5;TraderAgent;;{inventory: 0}
180;1;Regulator;;{last_price: 12.2733, halt_active: 0, phase: Monitoring}
180;4;MatchingEngine;market_update_out;12.2733
180;4;MatchingEngine;;{liquidity: -6935, last_trade_price: 8.54609, halted: 0, phase: Running}
180;5;TraderAgent;order_out;{sell, 125, 50}
180;5;TraderAgent;;{inventory: 0}
180;1;Regulator;;{last_price: 8.54609, halt_active: 1, phase: HaltingPeriod}
180;4;MatchingEngine;market_update_out;8.54609
180;4;MatchingEngine;;{liquidity: -6935, last_trade_price: 8.54609, halted: 0, phase: Running}
180;5;TraderAgent;;{inventory: 0}
180;1;Regulator;reg_signal_out;halt
180;1;Regulator;;{last_price: 8.54609, halt_active: 1, phase: HaltingPeriod}
180;4;MatchingEngine;;{liquidity: -6935, last_trade_price: 8.54609, halted: 1, phase: Halted}
180;5;TraderAgent;;{inventory: 0}
181;1;Regulator;;{last_price: 8.54609, halt_active: 1, phase: HaltingPeriod}
181;4;MatchingEngine;market_update_out;8.54609
181;4;MatchingEngine;;{liquidity: -6935, last_trade_price: 8.54609, halted: 1, phase: Halted}
181;5;TraderAgent;order_out;{buy, 143, 50}
181;5;TraderAgent;;{inventory: 0}
182;1;Regulator;;{last_price: 8.54609, halt_active: 1, phase: HaltingPeriod}
182;4;MatchingEngine;market_update_out;8.54609
182;4;MatchingEngine;;{liquidity: -6935, last_trade_price: 8.54609, halted: 1, phase: Halted}
182;5;TraderAgent;order_out;{sell, 164, 50}
182;5;TraderAgent;;{inventory: 0}
183;1;Regulator;;{last_price: 8.54609, halt_active: 1, phase: HaltingPeriod}
183;4;MatchingEngine;market_update_out;8.54609
183;4;MatchingEngine;;{liquidity: -6935, last_trade_price: 8.54609, halted: 1, phase: Halted}
183;5;TraderAgent;order_out;{sell, 75, 50}
183;5;TraderAgent;;{inventory: 0}
184;1;Regulator;;{last_price: 8.54609, halt_active: 1, phase: HaltingPeriod}
184;4;MatchingEngine;market_update_out;8.54609
184;4;MatchingEngine;;{liquidity: -6935, last_trade_price: 8.54609, halted: 1, phase: Halted}
184;5;TraderAgent;order_out;{sell, 166, 50}
184;5;TraderAgent;;{inventory: 0}
185;1;Regulator;reg_signal_out;resume
185;1;Regulator;;{last_price: 8.54609, halt_active: 0, phase: Monitoring}
185;4;MatchingEngine;market_update_out;8.54609
185;4;MatchingEngine;;{liquidity: -7104, last_trade_price: 10.4924, halted: 0, phase: Running}
185;5;TraderAgent;order_out;{buy, 169, 50}
185;5;TraderAgent;;{inventory: 0}
185;1;Regulator;;{last_price: 10.4924, halt_active: 0, phase: Monitoring}
185;4;MatchingEngine;market_update_out;10.4924
185;4;MatchingEngine;;{liquidity: -7104, last_trade_price: 10.4924, halted: 0, phase: Running}
185;5;TraderAgent;;{inventory: 0}
186;1;Regulator;;{last_price: 10.4924, halt_active: 0, phase: Monitoring}
186;4;MatchingEngine;market_update_out;10.4924
186;4;MatchingEngine;;{liquidity: -7164, last_trade_price: 12.4397, halted: 0, phase: Running}
186;5;TraderAgent;order_out;{buy, 60, 50}
186;5;TraderAgent;;{inventory: 0}
186;1;Regulator;;{last_price: 12.4397, halt_active: 0, phase: Monitoring}
186;4;MatchingEngine;market_update_out;12.4397
186;4;MatchingEngine;;{liquidity: -7164, last_trade_price: 12.4397, halted: 0, phase: Running}
186;5;TraderAgent;;{inventory: 0}
187;1;Regulator;;{last_price: 12.4397, halt_active: 0, phase: Monitoring}
187;4;MatchingEngine;market_update_out;12.4397
187;4;MatchingEngine;;{liquidity: -7293, last_trade_price: 8.76291, halted: 0, phase: Running}
187;5;TraderAgent;order_out;{sell, 129, 50}
187;5;TraderAgent;;{inventory: 0}
187;1;Regulator;;{last_price: 8.76291, halt_active: 1, phase: HaltingPeriod}
187;4;MatchingEngine;market_update_out;8.76291
187;4;MatchingEngine;;{liquidity: -7293, last_trade_price: 8.76291, halted: 0, phase: Running}
187;5;TraderAgent;;{inventory: 0}
187;1;Regulator;reg_signal_out;halt
187;1;Regulator;;{last_price: 8.76291, halt_active: 1, phase: HaltingPeriod}
187;4;MatchingEngine;;{liquidity: -7293, last_trade_price: 8.76291, halted: 1, phase: Halted}
187;5;TraderAgent;;{inventory: 0}
188;1;Regulator;;{last_price: 8.76291, halt_active: 1, phase: HaltingPeriod}
188;4;MatchingEngine;market_update_out;8.76291
188;4;MatchingEngine;;{liquidity: -7293, last_trade_price: 8.76291, halted: 1, phase: Halted}
188;5;TraderAgent;order_out;{buy, 128, 50}
188;5;TraderAgent;;{inventory: 0}
189;1;Regulator;;{last_price: 8.76291, halt_active: 1, phase: HaltingPeriod}
189;4;MatchingEngine;market_update_out;8.76291
189;4;MatchingEngine;;{liquidity: -7293, last_trade_price: 8.76291, halted: 1, phase: Halted}
189;5;TraderAgent;order_out;{buy, 110, 50}
189;5;TraderAgent;;{inventory: 0}
190;1;Regulator;;{last_price: 8.76291, halt_active: 1, phase: HaltingPeriod}
190;4;MatchingEngine;market_update_out;8.76291
190;4;MatchingEngine;;{liquidity: -7293, last_trade_price: 8.76291, halted: 1, phase: Halted}
190;5;TraderAgent;order_out;{buy, 116, 50}
190;5;TraderAgent;;{inventory: 0}
191;1;Regulator;;{last_price: 8.76291, halt_active: 1, phase: HaltingPeriod}
191;4;MatchingEngine;market_update_out;8.76291
191;4;MatchingEngine;;{liquidity: -7293, last_trade_price: 8.76291, halted: 1, phase: Halted}
191;5;TraderAgent;order_out;{sell, 158, 50}
191;5;TraderAgent;;{inventory: 0}
192;1;Regulator;reg_signal_out;resume
192;1;Regulator;;{last_price: 8.76291, halt_active: 0, phase: Monitoring}
192;4;MatchingEngine;market_update_out;8.76291
192;4;MatchingEngine;;{liquidity: -7487, last_trade_price: 9.31164, halted: 0, phase: Running}
192;5;TraderAgent;order_out;{buy, 194, 50}
192;5;TraderAgent;;{inventory: 0}
192;1;Regulator;;{last_price: 9.31164, halt_active: 0, phase: Monitoring}
192;4;MatchingEngine;market_update_out;9.31164
192;4;MatchingEngine;;{liquidity: -7487, last_trade_price: 9.31164, halted: 0, phase: Running}
192;5;TraderAgent;;{inventory: 0}
193;1;Regulator;;{last_price: 9.31164, halt_active: 0, phase: Monitoring}
193;4;MatchingEngine;market_update_out;9.31164
193;4;MatchingEngine;;{liquidity: -7620, last_trade_price: 10.53, halted: 0, phase: Running}
193;5;TraderAgent;order_out;{buy, 133, 50}
193;5;TraderAgent;;{inventory: 0}
193;1;Regulator;;{last_price: 10.53, halt_active: 0, phase: Monitoring}
193;4;MatchingEngine;market_update_out;10.53
193;4;MatchingEngine;;{liquidity: -7620, last_trade_price: 10.53, halted: 0, phase: Running}
193;5;TraderAgent;;{inventory: 0}
194;1;Regulator;;{last_price: 10.53, halt_active: 0, phase: Monitoring}
194;4;MatchingEngine;market_update_out;10.53
194;4;MatchingEngine;;{liquidity: -7730, last_trade_price: 13.2069, halted: 0, phase: Running}
194;5;TraderAgent;order_out;{buy, 110, 50}
194;5;TraderAgent;;{inventory: 0}
194;1;Regulator;;{last_price: 13.2069, halt_active: 0, phase: Monitoring}
194;4;MatchingEngine;market_update_out;13.2069
194;4;MatchingEngine;;{liquidity: -7730, last_trade_price: 13.2069, halted: 0, phase: Running}
194;5;TraderAgent;;{inventory: 0}
195;1;Regulator;;{last_price: 13.2069, halt_active: 0, phase: Monitoring}
195;4;MatchingEngine;market_update_out;13.2069
195;4;MatchingEngine;;{liquidity: -7796, last_trade_price: 15.661, halted: 0, phase: Running}
195;5;TraderAgent;order_out;{buy, 66, 50}
195;5;TraderAgent;;{inventory: 0}
195;1;Regulator;;{last_price: 15.661, halt_active: 0, phase: Monitoring}
195;4;MatchingEngine;market_update_out;15.661
195;4;MatchingEngine;;{liquidity: -7796, last_trade_price: 15.661, halted: 0, phase: Running}
195;5;TraderAgent;;{inventory: 0}
196;1;Regulator;;{last_price: 15.661, halt_active: 0, phase: Monitoring}
196;4;MatchingEngine;market_update_out;15.661
196;4;MatchingEngine;;{liquidity: -7947, last_trade_price: 17.3365, halted: 0, phase: Running}
196;5;TraderAgent;order_out;{buy, 151, 50}
196;5;TraderAgent;;{inventory: 0}
196;1;Regulator;;{last_price: 17.3365, halt_active: 0, phase: Monitoring}
196;4;MatchingEngine;market_update_out;17.3365
196;4;MatchingEngine;;{liquidity: -7947, last_trade_price: 17.3365, halted: 0, phase: Running}
196;5;TraderAgent;;{inventory: 0}
197;1;Regulator;;{last_price: 17.3365, halt_active: 0, phase: Monitoring}
197;4;MatchingEngine;market_update_out;17.3365
197;4;MatchingEngine;;{liquidity: -8077, last_trade_price: 19.1242, halted: 0, phase: Running}
197;5;TraderAgent;order_out;{buy, 130, 50}
197;5;TraderAgent;;{inventory: 0}
197;1;Regulator;;{last_price: 19.1242, halt_active: 0, phase: Monitoring}
197;4;MatchingEngine;market_update_out;19.1242
197;4;MatchingEngine;;{liquidity: -8077, last_trade_price: 19.1242, halted: 0, phase: Running}
197;5;TraderAgent;;{inventory: 0}
198;1;Regulator;;{last_price: 19.1242, halt_active: 0, phase: Monitoring}
198;4;MatchingEngine;market_update_out;19.1242
198;4;MatchingEngine;;{liquidity: -8177, last_trade_price: 20.3743, halted: 0, phase: Running}
198;5;TraderAgent;order_out;{buy, 100, 50}
198;5;TraderAgent;;{inventory: 0}
198;1;Regulator;;{last_price: 20.3743, halt_active: 0, phase: Monitoring}
198;4;MatchingEngine;market_update_out;20.3743
198;4;MatchingEngine;;{liquidity: -8177, last_trade_price: 20.3743, halted: 0, phase: Running}
198;5;TraderAgent;;{inventory: 0}
199;1;Regulator;;{last_price: 20.3743, halt_active: 0, phase: Monitoring}
199;4;MatchingEngine;market_update_out;20.3743
199;4;MatchingEngine;;{liquidity: -8304, last_trade_price: 14.6794, halted: 0, phase: Running}
199;5;TraderAgent;order_out;{sell, 127, 50}
199;5;TraderAgent;;{inventory: 0}
199;1;Regulator;;{last_price: 14.6794, halt_active: 1, phase: HaltingPeriod}
199;4;MatchingEngine;market_update_out;14.6794
199;4;MatchingEngine;;{liquidity: -8304, last_trade_price: 14.6794, halted: 0, phase: Running}
199;5;TraderAgent;;{inventory: 0}
199;1;Regulator;reg_signal_out;halt
199;1;Regulator;;{last_price: 14.6794, halt_active: 1, phase: HaltingPeriod}
199;4;MatchingEngine;;{liquidity: -8304, last_trade_price: 14.6794, halted: 1, phase: Halted}
199;5;TraderAgent;;{inventory: 0}
199;1;Regulator;;{last_price: 14.6794, halt_active: 1, phase: HaltingPeriod}
199;3;ShockEvent;;{sigma: inf, event_occurred: 1}
199;4;MatchingEngine;;{liquidity: -8304, last_trade_price: 14.6794, halted: 1, phase: Halted}
199;5;TraderAgent;;{inventory: 0}
